player_id,name,draft_year,age,position,conference,height_inches,weight_lbs,games_played,ppg,rpg,apg,spg,bpg,topg,fg_pct,three_pct,ft_pct,per,win_shares,drafted
P0001,Player_P0001,2017,19.7,SG,Other,72,213,23,18.4,4.2,3.2,0.8,0.2,3.5,0.463,0.298,0.717,19.2,1.8,0
P0002,Player_P0002,2010,19.4,PG,Big East,72,204,24,16.8,5.9,1.7,0.5,0.8,0.4,0.465,0.374,0.772,19.0,3.0,0
P0003,Player_P0003,2016,21.6,PG,Other,76,227,37,10.6,2.1,4.1,1.2,0.0,1.8,0.362,0.246,0.732,18.5,3.4,0
P0004,Player_P0004,2012,20.2,PF,SEC,72,193,32,15.8,4.9,3.2,2.6,1.1,0.8,0.458,0.456,0.565,20.8,5.4,0
P0005,Player_P0005,2016,20.4,C,Other,74,225,30,12.4,7.3,6.4,1.3,0.1,1.2,0.494,0.41,0.625,20.3,2.9,0
P0006,Player_P0006,2010,18.9,PG,ACC,74,216,36,5.8,7.0,3.0,0.9,0.7,1.8,0.508,0.246,0.673,11.8,5.8,0
P0007,Player_P0007,2012,20.7,PF,SEC,75,205,21,15.4,3.5,3.5,0.6,0.5,1.0,0.483,0.275,0.809,26.5,1.5,0
P0008,Player_P0008,2021,21.6,SG,SEC,80,199,31,12.7,2.6,2.9,0.2,1.7,2.6,0.471,0.359,0.595,25.8,0.0,0
P0009,Player_P0009,2012,20.9,PG,ACC,78,254,31,25.0,5.5,2.4,1.4,0.8,3.4,0.336,0.306,0.643,20.0,2.2,0
P0010,Player_P0010,2011,18.7,SG,Big Ten,74,234,38,22.6,9.0,1.0,0.9,0.3,2.3,0.483,0.409,0.773,22.3,0.6,1
P0011,Player_P0011,2013,19.5,C,Big Ten,79,184,29,16.5,7.5,4.5,1.2,1.3,4.3,0.378,0.301,0.763,25.7,7.7,1
P0012,Player_P0012,2022,20.1,SG,ACC,75,190,30,13.2,4.2,3.3,1.7,1.6,0.6,0.517,0.437,0.76,14.4,6.7,0
P0013,Player_P0013,2023,19.4,PF,Other,79,237,36,20.4,5.4,3.8,1.3,1.1,2.7,0.504,0.433,0.906,21.9,4.6,1
P0014,Player_P0014,2019,22.5,SF,Other,72,226,25,16.1,5.4,5.2,1.4,1.4,1.5,0.482,0.368,0.84,22.6,4.8,1
P0015,Player_P0015,2020,19.5,SF,Other,73,191,21,3.3,6.0,1.8,1.2,1.4,2.9,0.437,0.372,0.769,23.7,6.4,0
P0016,Player_P0016,2022,20.0,C,Other,79,227,29,12.7,8.6,3.1,1.4,0.7,1.3,0.353,0.42,0.797,24.5,4.3,1
P0017,Player_P0017,2014,19.4,C,Other,70,210,32,11.8,6.0,0.5,0.4,1.0,3.1,0.494,0.476,0.689,7.6,2.5,0
P0018,Player_P0018,2015,20.2,PF,Other,77,195,29,1.5,10.6,5.0,0.9,0.5,2.9,0.339,0.407,0.617,20.4,9.9,0
P0019,Player_P0019,2010,21.4,C,Big Ten,78,238,34,22.4,1.1,7.4,1.6,0.7,2.9,0.445,0.184,0.92,25.2,2.1,1
P0020,Player_P0020,2017,20.1,PG,Big Ten,75,213,25,10.8,5.6,4.0,0.7,1.4,2.1,0.442,0.375,0.755,15.0,4.3,0
P0021,Player_P0021,2022,19.8,C,Other,81,209,20,10.9,4.9,2.9,1.3,1.5,1.7,0.288,0.247,0.699,18.5,5.2,0
P0022,Player_P0022,2010,18.9,PG,SEC,73,204,35,8.7,5.7,3.0,0.4,0.3,2.2,0.45,0.204,0.847,7.3,0.0,0
P0023,Player_P0023,2019,21.2,PG,Big East,79,234,37,18.1,7.3,3.4,1.7,1.4,4.5,0.521,0.405,0.691,24.3,1.4,1
P0024,Player_P0024,2016,19.9,C,SEC,76,210,32,20.6,8.3,1.3,1.2,0.2,2.1,0.514,0.427,0.737,16.4,0.5,0
P0025,Player_P0025,2023,19.8,SF,Big 12,81,232,26,22.0,6.0,2.9,1.8,2.0,2.3,0.512,0.305,0.892,17.3,4.0,1
P0026,Player_P0026,2018,18.0,SG,Big Ten,76,192,27,9.2,8.7,5.1,0.9,0.1,1.5,0.45,0.45,0.658,9.2,2.1,0
P0027,Player_P0027,2015,19.9,PG,Big East,76,239,29,11.7,5.2,2.7,1.6,1.2,1.9,0.479,0.422,0.671,18.2,3.2,0
P0028,Player_P0028,2011,19.6,SG,SEC,79,184,28,11.9,4.6,4.2,0.2,1.0,2.9,0.369,0.331,0.653,21.3,2.2,0
P0029,Player_P0029,2017,18.2,C,Big 12,80,214,24,8.2,3.8,4.6,0.4,0.4,3.1,0.495,0.413,0.737,18.0,0.0,0
P0030,Player_P0030,2023,21.0,PG,Pac-12,76,199,27,8.2,1.0,1.9,1.0,1.6,1.0,0.456,0.437,0.739,14.9,5.2,0
P0031,Player_P0031,2010,19.5,C,Big 12,78,240,25,17.1,6.2,3.1,2.3,0.0,4.1,0.404,0.324,0.569,29.4,0.0,0
P0032,Player_P0032,2010,21.9,PF,SEC,74,187,28,9.9,10.6,2.6,0.6,1.7,2.1,0.448,0.315,0.792,11.4,1.2,0
P0033,Player_P0033,2022,21.4,SG,Pac-12,78,190,27,6.5,6.6,0.8,1.3,0.9,2.2,0.432,0.34,0.721,19.9,0.0,0
P0034,Player_P0034,2013,19.3,PF,SEC,74,186,30,11.8,7.2,2.2,1.2,0.0,0.4,0.487,0.161,0.752,17.2,0.8,0
P0035,Player_P0035,2018,21.4,SF,Other,78,244,36,21.9,4.3,1.0,2.0,1.0,2.2,0.5,0.306,0.767,27.8,9.4,1
P0036,Player_P0036,2018,21.6,SG,SEC,76,214,26,19.8,10.8,4.5,2.1,0.0,3.0,0.469,0.26,0.916,30.9,4.6,1
P0037,Player_P0037,2016,19.4,SF,Other,76,195,21,11.8,8.0,2.0,0.7,0.4,2.2,0.403,0.34,0.833,19.0,0.0,0
P0038,Player_P0038,2016,19.0,PG,Other,76,237,36,20.9,7.5,6.3,1.4,1.0,2.9,0.477,0.366,0.796,27.0,1.8,1
P0039,Player_P0039,2019,18.0,C,Other,81,210,23,21.6,5.7,5.1,2.5,1.7,2.2,0.473,0.314,0.923,26.0,6.1,1
P0040,Player_P0040,2013,20.4,PF,Big East,80,195,38,23.1,7.5,0.0,1.0,2.1,0.6,0.386,0.19,0.64,11.7,1.5,0
P0041,Player_P0041,2012,19.0,PG,Pac-12,78,175,30,18.3,5.6,3.3,1.5,0.1,1.9,0.488,0.446,0.849,14.6,3.2,0
P0042,Player_P0042,2023,20.4,PG,SEC,77,227,30,19.2,6.0,2.1,1.0,0.0,3.4,0.476,0.304,0.639,20.8,4.9,0
P0043,Player_P0043,2010,19.4,SF,SEC,79,179,28,26.0,3.6,1.5,1.7,0.9,3.1,0.394,0.287,0.949,17.2,0.0,0
P0044,Player_P0044,2012,19.2,SF,Big Ten,77,221,34,15.8,1.9,2.1,1.3,0.0,1.9,0.453,0.425,0.634,15.0,4.4,0
P0045,Player_P0045,2020,19.4,PF,Big Ten,78,218,33,18.4,7.6,3.5,1.7,1.1,3.4,0.364,0.304,0.745,15.9,8.7,1
P0046,Player_P0046,2017,18.7,C,ACC,79,237,38,16.9,5.6,3.6,0.6,1.3,0.7,0.344,0.349,0.687,6.1,0.0,0
P0047,Player_P0047,2014,19.4,PG,Big East,81,220,20,9.2,4.8,2.8,0.7,1.0,1.0,0.404,0.384,0.784,9.5,3.2,0
P0048,Player_P0048,2011,19.3,SG,ACC,79,224,23,11.9,5.0,3.2,2.0,1.0,2.4,0.481,0.346,0.822,21.3,9.8,1
P0049,Player_P0049,2015,20.0,SF,SEC,79,187,25,8.8,5.4,4.4,0.8,0.7,2.6,0.471,0.324,0.622,22.0,2.7,0
P0050,Player_P0050,2010,20.1,SG,ACC,75,217,23,14.0,4.7,3.7,1.1,0.4,1.7,0.449,0.421,0.468,15.5,0.3,0
P0051,Player_P0051,2017,18.9,C,ACC,74,200,38,8.7,2.6,1.7,2.0,0.7,1.9,0.494,0.283,0.946,20.8,2.7,0
P0052,Player_P0052,2016,21.1,PF,SEC,81,187,21,18.1,4.0,1.9,2.3,0.9,3.0,0.55,0.379,0.71,14.7,5.7,1
P0053,Player_P0053,2022,19.8,SG,Other,82,202,22,10.3,7.8,5.9,1.2,0.9,1.8,0.457,0.285,0.797,21.4,8.4,1
P0054,Player_P0054,2021,21.5,PF,Big 12,78,190,28,11.3,4.0,1.3,0.1,0.3,2.2,0.539,0.337,0.747,15.4,5.7,0
P0055,Player_P0055,2016,20.2,SF,Other,74,222,25,16.0,9.4,2.8,1.4,0.4,1.1,0.501,0.399,0.86,22.4,6.7,1
P0056,Player_P0056,2017,20.1,SF,ACC,80,209,26,16.0,6.7,0.0,1.5,0.0,0.9,0.585,0.408,0.858,17.3,9.0,1
P0057,Player_P0057,2019,19.5,PF,SEC,77,224,32,18.4,9.0,4.5,1.0,1.5,2.4,0.484,0.31,0.764,16.0,3.2,1
P0058,Player_P0058,2014,20.6,SF,ACC,80,202,31,7.6,5.5,2.9,1.3,0.1,1.5,0.428,0.394,0.718,24.4,0.4,0
P0059,Player_P0059,2018,20.0,PF,Big 12,78,199,37,14.1,5.7,0.7,0.9,0.0,1.0,0.414,0.254,0.828,7.9,7.5,0
P0060,Player_P0060,2010,20.9,SF,ACC,71,170,29,13.1,6.5,4.1,1.4,0.6,3.3,0.476,0.287,0.729,15.7,0.4,0
P0061,Player_P0061,2023,21.6,SF,ACC,75,200,38,21.4,0.4,2.6,1.5,1.1,1.7,0.519,0.341,0.831,20.4,2.3,1
P0062,Player_P0062,2023,19.3,SF,Big East,71,216,23,21.2,7.9,2.9,1.3,2.0,2.5,0.474,0.272,0.727,25.5,5.5,1
P0063,Player_P0063,2022,20.6,SF,Pac-12,75,202,23,17.4,5.5,3.1,0.3,0.6,2.7,0.405,0.355,0.699,14.0,1.2,0
P0064,Player_P0064,2012,20.6,SG,Big Ten,71,206,27,15.0,4.4,0.9,1.5,0.8,1.7,0.44,0.352,0.579,13.3,3.3,0
P0065,Player_P0065,2021,20.5,PG,Other,82,226,22,13.0,9.4,3.2,0.8,0.6,1.9,0.484,0.351,0.7,23.7,0.4,0
P0066,Player_P0066,2018,19.6,SG,Pac-12,78,181,20,17.5,4.7,3.5,0.9,0.4,2.4,0.586,0.186,0.767,15.6,8.9,0
P0067,Player_P0067,2023,19.6,SG,Big 12,76,200,27,16.6,5.4,1.7,0.9,1.4,1.6,0.482,0.261,0.725,28.2,7.6,0
P0068,Player_P0068,2010,19.4,SG,Big 12,78,189,30,19.1,8.1,2.7,1.7,2.2,2.6,0.425,0.503,0.832,16.8,8.3,1
P0069,Player_P0069,2015,19.4,SF,Big Ten,79,191,25,18.4,5.0,2.7,1.3,1.2,0.0,0.434,0.278,0.798,14.6,3.2,0
P0070,Player_P0070,2011,19.2,SF,Other,74,234,25,0.3,6.9,1.0,1.6,1.1,1.7,0.451,0.311,0.768,18.8,5.5,0
P0071,Player_P0071,2023,19.9,SG,SEC,79,223,21,10.5,7.1,4.2,1.8,1.2,2.8,0.409,0.347,0.695,16.5,2.9,0
P0072,Player_P0072,2012,19.2,SG,ACC,78,211,22,10.5,7.3,1.9,1.2,1.7,1.2,0.468,0.4,0.767,22.7,5.8,0
P0073,Player_P0073,2010,20.4,SG,Big Ten,77,241,37,17.8,6.2,5.1,2.0,1.5,1.8,0.304,0.226,0.921,10.2,2.0,0
P0074,Player_P0074,2011,20.1,SF,Big Ten,76,175,21,19.9,6.0,0.0,1.1,2.1,2.6,0.473,0.329,0.586,7.0,7.0,0
P0075,Player_P0075,2023,20.2,SF,Big 12,75,205,34,4.7,5.8,2.7,1.6,1.4,3.5,0.411,0.38,0.764,17.8,1.8,0
P0076,Player_P0076,2017,19.7,PF,SEC,79,212,34,19.1,4.1,4.6,1.3,0.3,0.7,0.433,0.265,0.885,20.2,2.1,0
P0077,Player_P0077,2011,20.1,SF,Other,73,187,24,6.1,6.3,1.2,0.7,1.2,0.6,0.528,0.317,0.614,17.4,1.8,0
P0078,Player_P0078,2015,19.8,C,Big Ten,71,211,24,6.3,10.6,2.3,1.1,1.1,1.1,0.364,0.363,0.81,19.4,3.5,0
P0079,Player_P0079,2015,20.8,SF,Big 12,78,183,27,10.8,8.5,1.9,1.3,1.9,0.5,0.456,0.331,0.822,18.6,2.0,0
P0080,Player_P0080,2021,19.6,PF,ACC,78,219,33,10.4,6.3,1.5,1.0,0.1,0.5,0.488,0.377,0.587,8.6,4.2,0
P0081,Player_P0081,2013,20.4,SF,Big 12,77,226,20,4.2,7.6,2.9,1.2,1.0,1.0,0.45,0.337,0.784,17.4,1.8,0
P0082,Player_P0082,2011,18.7,PF,Pac-12,77,210,36,15.2,3.3,0.6,1.5,0.3,3.2,0.343,0.308,0.696,22.6,5.0,0
P0083,Player_P0083,2020,20.7,SF,Other,80,212,26,21.0,6.0,3.5,2.3,0.2,3.4,0.509,0.411,0.864,19.5,6.7,1
P0084,Player_P0084,2016,19.4,PG,Big East,78,186,29,17.3,7.9,3.3,0.0,0.6,2.0,0.427,0.347,0.691,9.5,3.2,0
P0085,Player_P0085,2011,19.1,PF,ACC,76,216,38,9.8,9.2,2.2,2.0,1.0,1.0,0.408,0.337,0.838,14.3,8.5,0
P0086,Player_P0086,2015,18.9,PF,Other,75,205,22,11.8,3.6,1.0,0.8,0.0,2.6,0.421,0.261,0.71,18.8,5.8,0
P0087,Player_P0087,2015,18.8,SF,Other,74,247,38,26.6,7.7,5.0,1.8,1.4,2.4,0.543,0.332,0.951,35.4,7.9,1
P0088,Player_P0088,2013,19.5,SF,Big Ten,82,230,32,20.4,11.0,3.6,0.3,0.8,1.1,0.369,0.419,0.68,6.2,2.8,0
P0089,Player_P0089,2012,21.5,PG,Other,81,200,28,19.7,8.9,2.3,1.1,0.8,0.9,0.514,0.283,0.777,23.5,6.9,1
P0090,Player_P0090,2011,19.4,C,Big East,80,226,21,13.0,8.2,2.8,1.9,1.1,0.9,0.486,0.257,0.776,27.2,3.4,1
P0091,Player_P0091,2021,18.0,PF,Big East,71,225,21,12.0,6.0,1.1,0.6,0.5,2.0,0.48,0.277,0.678,18.5,1.5,0
P0092,Player_P0092,2010,20.4,C,SEC,76,191,36,6.6,6.1,3.3,0.6,0.9,2.4,0.471,0.212,0.731,18.9,0.6,0
P0093,Player_P0093,2017,18.9,SF,Big Ten,75,191,28,10.7,4.7,2.9,1.3,0.8,2.4,0.538,0.47,0.756,14.8,0.0,0
P0094,Player_P0094,2010,20.8,SG,Big East,70,212,35,11.4,7.9,3.7,2.2,0.8,3.9,0.427,0.299,0.828,19.2,5.6,0
P0095,Player_P0095,2021,19.6,SG,SEC,75,234,36,17.1,8.9,2.9,1.1,2.4,3.6,0.537,0.358,0.879,23.6,7.0,1
P0096,Player_P0096,2015,19.7,C,Other,77,210,28,18.8,7.4,4.4,0.7,0.9,2.8,0.487,0.359,0.903,29.3,4.4,1
P0097,Player_P0097,2023,21.2,PG,Big Ten,70,212,26,15.1,4.6,3.9,0.8,0.4,1.6,0.572,0.303,0.629,9.3,8.5,0
P0098,Player_P0098,2010,20.6,PF,Big 12,79,214,25,10.8,7.8,1.7,1.1,1.8,2.8,0.48,0.281,0.747,23.1,1.1,0
P0099,Player_P0099,2014,18.8,PG,Big East,80,221,32,9.7,5.2,2.8,1.3,0.5,1.0,0.398,0.431,0.709,20.1,4.0,0
P0100,Player_P0100,2015,18.9,PF,SEC,80,180,34,11.2,4.3,0.2,0.6,0.0,2.1,0.542,0.243,0.712,18.8,2.0,0
P0101,Player_P0101,2010,18.2,SF,Big 12,77,218,26,12.0,8.0,1.6,0.7,0.3,4.9,0.521,0.222,0.744,12.5,5.1,0
P0102,Player_P0102,2016,22.6,SF,Big East,76,190,31,3.3,8.3,4.0,1.5,0.0,0.0,0.359,0.369,0.767,20.9,0.0,0
P0103,Player_P0103,2016,19.1,PF,Big East,80,211,30,14.3,4.4,1.4,1.7,0.0,2.2,0.395,0.322,0.744,26.2,2.7,0
P0104,Player_P0104,2016,21.2,SG,SEC,81,200,22,9.7,6.0,3.7,1.0,0.5,2.3,0.432,0.314,0.705,15.4,5.8,0
P0105,Player_P0105,2017,19.5,SF,Big 12,79,215,30,18.3,2.5,0.0,0.3,0.7,1.8,0.376,0.369,0.648,16.5,2.9,0
P0106,Player_P0106,2012,18.9,C,Pac-12,73,207,35,15.0,3.3,1.7,0.8,1.4,1.8,0.434,0.34,0.665,10.7,0.0,0
P0107,Player_P0107,2013,20.0,SF,SEC,77,144,39,17.9,5.8,2.2,0.1,1.1,2.1,0.483,0.327,0.796,12.4,6.1,0
P0108,Player_P0108,2016,19.7,PG,Big East,79,191,26,11.9,7.7,1.7,1.6,1.2,1.4,0.536,0.467,0.866,31.7,4.4,1
P0109,Player_P0109,2019,20.8,C,Pac-12,71,218,24,10.1,3.1,0.7,1.2,0.2,2.2,0.458,0.213,0.599,16.7,3.2,0
P0110,Player_P0110,2015,20.8,SF,SEC,77,214,37,5.8,3.7,3.5,0.8,1.2,1.5,0.51,0.281,0.824,14.3,4.5,0
P0111,Player_P0111,2016,19.4,SF,ACC,83,203,38,8.5,2.8,4.1,1.1,1.5,4.0,0.464,0.254,0.635,17.9,3.3,0
P0112,Player_P0112,2023,18.6,PG,Big Ten,78,238,36,18.3,6.6,1.4,1.3,0.9,1.7,0.435,0.349,0.723,11.5,9.3,0
P0113,Player_P0113,2019,18.8,PG,Big 12,80,211,26,19.4,0.6,1.9,1.2,1.0,2.6,0.4,0.204,0.764,15.2,4.8,0
P0114,Player_P0114,2010,18.0,SG,Pac-12,77,214,25,6.3,3.0,2.7,0.3,0.0,1.3,0.49,0.299,0.72,11.2,2.5,0
P0115,Player_P0115,2015,19.7,C,Big East,75,203,32,23.6,7.0,4.9,1.3,0.9,2.1,0.501,0.335,0.825,23.5,6.4,1
P0116,Player_P0116,2010,20.0,PF,Other,77,212,25,11.6,6.5,1.8,1.2,1.8,2.7,0.455,0.327,0.755,7.8,3.5,0
P0117,Player_P0117,2022,18.9,SF,SEC,74,187,35,14.9,1.0,4.4,1.9,0.9,2.4,0.442,0.358,0.839,16.8,3.1,0
P0118,Player_P0118,2021,18.7,PF,Big East,73,156,27,3.2,5.6,3.3,0.8,0.3,1.0,0.508,0.307,0.791,14.6,3.6,0
P0119,Player_P0119,2016,20.0,SG,Pac-12,72,226,26,13.8,10.4,2.9,1.5,0.9,4.2,0.456,0.422,0.727,22.3,5.7,1
P0120,Player_P0120,2013,19.4,C,Big 12,80,188,36,23.1,7.0,5.5,1.5,0.7,3.3,0.601,0.34,0.861,22.0,3.7,1
P0121,Player_P0121,2020,19.8,SG,Pac-12,73,198,27,2.3,1.0,3.4,0.9,0.5,1.2,0.365,0.308,0.601,19.3,1.7,0
P0122,Player_P0122,2012,19.6,PF,Big 12,79,221,22,9.8,6.2,3.7,1.7,1.1,2.6,0.466,0.429,0.623,14.5,0.0,0
P0123,Player_P0123,2020,20.2,SF,SEC,76,208,35,12.8,3.0,1.7,1.7,0.9,1.1,0.415,0.307,0.79,17.1,5.9,0
P0124,Player_P0124,2022,19.4,PF,Other,77,231,26,14.1,2.5,4.8,1.8,1.3,3.0,0.388,0.329,0.761,6.6,1.6,0
P0125,Player_P0125,2012,19.5,PG,SEC,77,199,33,11.3,5.2,4.5,1.3,0.9,1.3,0.394,0.32,0.727,9.8,3.4,0
P0126,Player_P0126,2017,18.1,C,ACC,79,214,33,10.2,8.6,3.5,2.4,0.2,1.0,0.472,0.346,0.669,14.0,1.1,0
P0127,Player_P0127,2012,19.9,SG,SEC,76,215,21,16.2,7.0,1.2,0.6,0.4,1.3,0.374,0.301,0.84,22.9,1.2,0
P0128,Player_P0128,2018,20.1,SF,Other,82,219,20,21.9,4.6,3.4,1.0,1.9,3.6,0.629,0.457,0.805,32.7,7.9,1
P0129,Player_P0129,2019,19.8,PF,ACC,77,171,36,8.8,7.3,2.0,1.5,0.6,2.4,0.494,0.437,0.579,16.6,5.4,0
P0130,Player_P0130,2010,21.9,PF,Other,78,196,21,12.2,0.0,2.6,1.8,1.8,2.1,0.43,0.403,0.831,11.4,6.0,0
P0131,Player_P0131,2023,20.2,SF,Other,74,222,26,13.9,3.6,0.0,0.8,1.9,0.9,0.497,0.404,0.74,10.5,3.1,0
P0132,Player_P0132,2013,19.8,C,SEC,82,236,35,20.6,3.4,3.2,1.5,1.2,2.0,0.418,0.236,0.82,17.4,1.7,0
P0133,Player_P0133,2016,20.5,C,Big 12,78,251,23,22.7,7.3,4.2,1.8,0.7,1.3,0.483,0.213,0.864,17.2,5.8,1
P0134,Player_P0134,2013,22.1,PF,ACC,78,199,30,18.1,5.0,3.4,0.3,0.0,2.6,0.449,0.345,0.935,17.0,5.0,0
P0135,Player_P0135,2022,20.3,PG,ACC,80,207,22,20.3,6.9,2.9,2.1,1.0,2.4,0.468,0.385,0.686,22.2,2.4,1
P0136,Player_P0136,2020,18.0,PF,Big 12,80,265,31,19.6,3.7,3.4,0.8,1.3,3.6,0.54,0.225,0.727,11.8,5.2,1
P0137,Player_P0137,2023,20.4,SF,Big East,80,198,34,10.8,5.6,2.9,0.9,1.7,2.3,0.509,0.281,0.785,16.9,3.1,0
P0138,Player_P0138,2015,19.1,SF,Other,77,212,24,11.3,6.9,2.3,0.5,0.0,3.8,0.402,0.428,0.693,7.5,2.2,0
P0139,Player_P0139,2017,18.1,C,Big Ten,70,229,25,7.0,5.9,3.2,0.9,0.9,1.8,0.381,0.378,0.792,17.1,0.0,0
P0140,Player_P0140,2018,21.7,SF,SEC,79,243,30,18.3,4.8,3.4,2.8,0.2,1.1,0.486,0.404,0.455,23.3,0.0,0
P0141,Player_P0141,2013,21.5,C,SEC,74,220,35,16.4,6.5,4.1,2.0,0.7,2.6,0.523,0.299,0.713,10.8,3.8,0
P0142,Player_P0142,2023,19.1,PF,Big 12,80,206,30,10.5,7.6,0.8,0.1,1.1,0.9,0.51,0.294,0.711,20.2,1.4,0
P0143,Player_P0143,2022,19.1,PG,SEC,83,187,34,21.2,9.1,4.8,0.8,1.5,3.3,0.505,0.334,0.796,27.9,9.1,1
P0144,Player_P0144,2023,20.2,PF,Other,75,244,28,19.9,7.0,3.7,1.1,1.8,3.7,0.541,0.268,0.958,20.2,4.6,1
P0145,Player_P0145,2016,19.1,SF,Big 12,80,203,22,15.6,8.4,2.4,0.8,1.2,1.3,0.485,0.287,0.802,18.3,5.6,0
P0146,Player_P0146,2011,19.9,SF,ACC,73,209,39,5.3,2.7,3.8,1.1,0.3,1.7,0.449,0.266,0.675,23.9,0.9,0
P0147,Player_P0147,2012,19.3,SG,Pac-12,81,182,35,16.9,6.6,5.2,1.2,1.8,2.0,0.457,0.413,0.688,27.1,6.0,1
P0148,Player_P0148,2017,19.6,PG,ACC,75,231,20,11.7,2.2,4.6,0.2,1.3,3.1,0.446,0.391,0.717,19.9,4.6,0
P0149,Player_P0149,2021,18.6,PF,Other,78,182,25,15.1,4.6,3.1,0.4,0.9,2.9,0.393,0.224,0.765,7.1,1.4,0
P0150,Player_P0150,2019,20.8,SG,Other,78,214,28,20.3,7.0,3.2,1.9,1.3,3.8,0.534,0.449,0.942,23.2,6.0,1
P0151,Player_P0151,2020,21.2,PG,ACC,71,207,21,0.0,11.0,2.1,1.1,0.5,1.7,0.398,0.28,0.738,18.6,0.0,0
P0152,Player_P0152,2020,19.9,SF,SEC,78,245,37,6.6,4.2,0.0,0.6,1.3,0.0,0.344,0.315,0.796,9.4,0.9,0
P0153,Player_P0153,2021,20.0,PF,Big East,74,197,23,11.7,4.2,4.5,0.5,0.0,2.4,0.449,0.32,0.733,11.2,0.0,0
P0154,Player_P0154,2022,20.6,SG,SEC,79,206,24,25.3,5.7,5.9,0.9,1.0,4.6,0.385,0.355,0.757,20.8,8.2,1
P0155,Player_P0155,2015,20.0,SG,SEC,70,194,26,20.4,5.7,3.3,1.5,1.1,0.1,0.486,0.31,0.707,14.5,2.6,0
P0156,Player_P0156,2020,21.7,SF,Other,74,238,38,14.9,4.7,3.5,1.0,0.4,1.8,0.516,0.299,0.694,21.6,5.1,0
P0157,Player_P0157,2013,18.7,C,Big Ten,76,149,24,12.4,5.2,0.6,2.0,0.0,2.3,0.519,0.29,0.771,17.6,2.6,0
P0158,Player_P0158,2019,20.9,PG,SEC,74,201,28,17.5,9.1,3.8,1.7,0.9,1.8,0.577,0.337,0.645,11.4,5.9,1
P0159,Player_P0159,2010,19.9,C,ACC,74,260,33,17.5,5.6,4.8,1.1,0.0,3.5,0.395,0.332,0.649,15.1,0.0,0
P0160,Player_P0160,2010,18.9,PG,Big 12,81,217,23,9.0,5.5,2.9,0.8,0.6,2.5,0.354,0.321,0.7,17.5,0.0,0
P0161,Player_P0161,2012,22.2,SF,Other,81,222,21,30.7,8.9,2.7,1.5,0.8,3.5,0.469,0.447,0.71,19.4,0.1,1
P0162,Player_P0162,2017,22.4,C,Big East,74,204,21,6.6,8.8,2.3,0.5,0.5,3.4,0.523,0.301,0.703,18.7,5.2,0
P0163,Player_P0163,2022,19.8,C,Pac-12,81,197,23,21.3,6.6,3.6,0.7,1.3,3.2,0.491,0.417,0.911,32.5,4.4,1
P0164,Player_P0164,2018,20.4,SF,ACC,83,236,26,9.6,7.8,4.2,2.2,1.7,1.5,0.547,0.419,0.86,23.7,6.8,1
P0165,Player_P0165,2017,19.5,SF,Other,74,242,38,8.5,2.7,0.3,2.0,0.8,1.2,0.32,0.277,0.841,19.3,0.6,0
P0166,Player_P0166,2019,19.7,PF,Big Ten,76,213,38,11.4,7.4,5.0,1.1,1.3,1.4,0.462,0.173,0.627,17.9,2.0,0
P0167,Player_P0167,2022,18.9,C,SEC,80,194,31,14.5,4.1,3.9,1.3,0.3,0.6,0.473,0.334,0.738,16.5,2.2,0
P0168,Player_P0168,2018,18.7,PG,Big Ten,80,221,38,10.7,2.5,2.3,1.8,2.0,2.0,0.515,0.31,0.74,18.5,6.8,0
P0169,Player_P0169,2020,21.8,SG,SEC,80,240,20,21.4,6.5,5.3,0.8,1.2,3.2,0.528,0.346,0.802,22.5,6.3,1
P0170,Player_P0170,2015,20.0,SG,SEC,76,184,31,8.7,9.0,4.1,0.6,0.0,1.7,0.495,0.394,0.705,17.2,0.0,0
P0171,Player_P0171,2023,20.1,C,Big 12,75,230,28,8.0,9.6,4.6,1.1,0.8,4.0,0.407,0.337,0.866,27.8,2.7,1
P0172,Player_P0172,2016,19.2,PG,SEC,73,174,22,10.2,9.2,0.3,2.1,1.0,0.0,0.378,0.44,0.889,17.1,7.6,0
P0173,Player_P0173,2022,20.2,PG,Big 12,76,187,31,9.7,3.6,2.2,0.5,0.9,0.7,0.472,0.404,0.683,16.4,2.4,0
P0174,Player_P0174,2023,18.5,PG,Pac-12,76,181,29,5.3,8.1,7.2,2.3,1.0,1.5,0.392,0.286,0.751,13.0,0.8,0
P0175,Player_P0175,2022,19.2,C,SEC,79,211,35,12.4,3.9,2.5,1.2,1.0,1.9,0.529,0.298,0.492,18.5,5.2,0
P0176,Player_P0176,2014,18.8,PG,Other,80,181,28,11.1,6.1,1.4,0.7,0.9,1.5,0.338,0.365,0.794,15.0,7.9,0
P0177,Player_P0177,2015,21.3,SG,ACC,75,142,28,10.4,6.0,1.0,0.5,0.1,1.7,0.474,0.367,0.827,22.5,5.1,0
P0178,Player_P0178,2020,18.3,SF,ACC,75,184,24,13.0,7.2,5.2,0.9,1.2,1.3,0.459,0.286,0.625,11.7,0.0,0
P0179,Player_P0179,2023,18.8,SG,Big Ten,79,220,29,19.8,6.0,1.8,1.9,0.6,4.5,0.463,0.391,0.643,21.2,3.4,1
P0180,Player_P0180,2018,18.0,PG,ACC,74,193,21,15.5,3.7,4.6,0.8,1.6,1.5,0.384,0.478,0.761,13.0,4.0,0
P0181,Player_P0181,2020,19.1,SF,SEC,75,184,31,15.9,6.1,3.5,1.8,0.8,1.9,0.497,0.435,0.824,25.6,7.1,1
P0182,Player_P0182,2016,19.5,PF,Big Ten,81,248,27,8.7,9.1,3.0,2.7,1.3,1.8,0.503,0.406,0.795,23.2,8.6,1
P0183,Player_P0183,2021,21.0,SG,ACC,72,213,25,21.5,3.7,2.6,1.0,1.1,1.2,0.393,0.435,0.675,23.6,8.2,1
P0184,Player_P0184,2015,19.8,SF,Big Ten,73,205,27,6.8,0.9,2.7,0.9,1.8,2.4,0.507,0.373,0.888,5.5,6.3,0
P0185,Player_P0185,2018,19.6,SF,SEC,80,204,37,9.0,6.7,2.9,0.6,0.1,2.7,0.393,0.382,0.66,11.4,0.3,0
P0186,Player_P0186,2017,20.3,SG,Big East,76,188,34,12.1,4.7,4.6,0.8,0.9,1.4,0.467,0.184,0.962,18.6,4.0,0
P0187,Player_P0187,2021,19.6,PG,Big 12,81,204,37,8.1,5.2,3.0,1.2,0.5,0.4,0.362,0.305,0.832,18.6,0.8,0
P0188,Player_P0188,2021,22.4,C,Other,74,190,27,12.5,6.9,1.6,1.0,0.4,3.3,0.469,0.298,0.795,12.7,3.6,0
P0189,Player_P0189,2021,19.4,C,Big Ten,77,208,27,7.2,4.4,2.6,0.6,1.2,2.4,0.306,0.319,0.626,13.0,6.7,0
P0190,Player_P0190,2011,20.4,SF,SEC,83,200,20,3.7,4.8,0.0,1.1,0.8,1.0,0.566,0.384,0.802,25.3,0.0,0
P0191,Player_P0191,2013,20.8,C,Big Ten,77,244,33,20.0,0.0,5.9,0.8,2.0,1.6,0.464,0.376,0.861,20.1,4.2,1
P0192,Player_P0192,2022,19.4,SG,Other,70,225,20,9.6,9.2,3.7,0.3,0.2,3.1,0.272,0.236,0.529,21.7,5.4,0
P0193,Player_P0193,2011,20.2,C,Big Ten,81,232,39,21.9,7.0,4.6,1.3,0.9,3.4,0.492,0.352,0.675,18.7,4.5,1
P0194,Player_P0194,2020,19.5,SF,Other,74,196,33,6.5,2.4,2.1,1.3,0.2,2.3,0.387,0.341,0.752,24.9,5.9,0
P0195,Player_P0195,2018,20.3,C,Big East,76,208,29,14.1,2.5,3.7,1.3,0.6,3.1,0.401,0.388,0.708,27.1,1.0,0
P0196,Player_P0196,2014,20.1,PF,SEC,74,203,33,18.9,5.8,4.6,0.9,0.6,0.8,0.418,0.444,0.674,14.5,3.1,0
P0197,Player_P0197,2010,19.9,C,SEC,77,188,39,10.0,2.7,3.3,1.4,1.8,2.0,0.4,0.31,0.817,11.6,4.7,0
P0198,Player_P0198,2010,18.8,SF,Big 12,73,206,23,10.9,1.6,5.4,0.4,0.5,1.7,0.391,0.388,0.64,25.2,3.5,0
P0199,Player_P0199,2022,21.9,C,ACC,75,193,34,17.4,7.1,3.3,0.4,0.0,2.3,0.37,0.38,0.679,11.2,0.0,0
P0200,Player_P0200,2011,20.6,C,Other,79,215,37,18.8,7.6,5.4,1.5,0.4,2.3,0.565,0.346,0.756,18.8,0.9,1
P0201,Player_P0201,2020,18.4,PF,Big East,86,215,31,19.9,5.0,3.4,0.9,1.2,3.4,0.548,0.353,1.0,26.4,6.3,1
P0202,Player_P0202,2012,19.6,SG,ACC,74,198,33,24.2,6.2,0.6,1.1,0.6,1.1,0.425,0.302,0.565,15.3,0.0,0
P0203,Player_P0203,2015,18.4,PG,ACC,79,206,30,16.7,5.4,3.1,1.3,2.3,3.1,0.562,0.282,0.676,19.5,5.5,1
P0204,Player_P0204,2011,20.8,SF,Big 12,72,191,23,11.5,7.0,0.0,1.9,0.1,3.6,0.372,0.251,0.565,8.8,4.1,0
P0205,Player_P0205,2018,20.0,PF,Big East,83,212,39,23.0,5.6,2.7,0.7,1.8,2.8,0.411,0.485,0.816,16.9,5.7,1
P0206,Player_P0206,2011,20.0,C,SEC,76,223,25,10.7,0.0,2.5,2.3,0.7,2.4,0.454,0.326,0.785,10.0,5.3,0
P0207,Player_P0207,2018,19.2,PF,Pac-12,75,231,27,9.9,4.9,1.3,0.7,0.0,1.7,0.427,0.301,0.787,21.3,2.5,0
P0208,Player_P0208,2023,19.7,PF,ACC,75,221,39,16.1,6.8,1.8,0.4,0.9,2.3,0.464,0.377,0.655,16.0,0.0,0
P0209,Player_P0209,2020,20.8,SF,Other,76,242,21,11.4,4.5,5.3,0.9,1.4,1.0,0.459,0.316,0.768,18.9,4.2,0
P0210,Player_P0210,2019,21.1,C,Big Ten,74,189,28,7.4,5.6,4.2,0.9,0.8,2.4,0.377,0.266,0.703,18.3,0.0,0
P0211,Player_P0211,2022,20.8,SG,Big 12,78,154,31,11.1,7.4,1.5,0.5,0.2,0.8,0.512,0.311,0.842,15.0,6.0,0
P0212,Player_P0212,2021,18.4,PF,Other,80,196,24,14.6,5.7,1.8,2.6,0.1,1.6,0.428,0.387,0.708,20.9,1.2,0
P0213,Player_P0213,2020,19.8,SF,Big East,75,216,33,6.1,9.3,0.6,1.2,0.1,1.4,0.541,0.258,0.452,18.3,4.6,0
P0214,Player_P0214,2017,20.3,SF,SEC,77,208,30,3.8,8.3,3.6,1.3,1.6,0.0,0.465,0.345,0.801,14.4,1.4,0
P0215,Player_P0215,2015,19.3,SG,Other,75,211,25,22.0,5.2,2.1,0.7,0.7,1.7,0.558,0.326,0.679,7.6,1.8,0
P0216,Player_P0216,2018,18.3,PF,ACC,74,254,24,15.5,3.8,2.7,1.5,2.1,3.2,0.489,0.451,0.781,25.7,4.7,1
P0217,Player_P0217,2011,18.7,C,ACC,81,213,25,11.3,0.0,2.7,1.6,0.9,1.8,0.454,0.309,0.75,9.7,4.8,0
P0218,Player_P0218,2022,21.5,SF,Big Ten,80,227,35,19.9,5.4,4.6,1.6,0.8,3.4,0.477,0.425,0.912,21.8,2.2,1
P0219,Player_P0219,2022,18.8,PG,Big Ten,71,186,30,14.7,2.1,3.9,0.3,0.4,3.8,0.398,0.338,0.727,16.4,4.9,0
P0220,Player_P0220,2013,20.0,PG,Big East,77,183,35,20.9,6.1,2.4,0.9,0.1,2.3,0.472,0.234,0.768,9.2,1.5,0
P0221,Player_P0221,2020,19.8,PG,SEC,80,237,34,14.9,5.9,1.9,1.8,0.1,2.3,0.449,0.405,0.753,17.3,2.4,0
P0222,Player_P0222,2019,19.8,SF,Big 12,75,207,36,4.4,7.2,5.5,0.8,1.4,2.5,0.405,0.324,0.666,17.0,3.1,0
P0223,Player_P0223,2021,19.7,PG,Big East,77,218,37,16.1,6.7,3.5,0.7,0.2,1.3,0.504,0.367,0.85,16.9,5.6,1
P0224,Player_P0224,2022,20.8,SG,Big 12,74,193,32,10.0,5.4,3.6,1.0,1.0,2.5,0.442,0.411,0.63,16.7,0.7,0
P0225,Player_P0225,2020,20.0,PF,ACC,77,194,27,13.0,5.1,2.4,0.4,1.1,1.7,0.474,0.376,0.788,19.7,6.7,1
P0226,Player_P0226,2023,19.4,PF,Big 12,81,220,33,9.3,3.2,0.9,1.2,1.2,1.5,0.525,0.382,0.708,25.2,4.9,1
P0227,Player_P0227,2014,20.1,PF,Big East,77,191,38,25.7,7.6,4.0,1.2,1.3,2.3,0.536,0.438,0.809,14.8,1.1,1
P0228,Player_P0228,2016,18.7,PF,SEC,80,224,26,24.9,8.3,0.4,1.7,1.9,3.8,0.558,0.393,0.852,29.2,7.5,1
P0229,Player_P0229,2012,20.5,PG,Other,80,201,29,19.5,4.6,0.7,1.6,1.4,3.6,0.512,0.461,0.831,19.4,4.5,0
P0230,Player_P0230,2021,19.3,C,Other,70,193,37,21.1,7.0,1.6,0.5,1.5,2.2,0.499,0.213,0.747,20.7,2.0,0
P0231,Player_P0231,2013,19.4,SG,Big East,72,227,31,10.8,3.1,4.4,1.0,0.0,0.6,0.435,0.273,0.727,19.0,1.0,0
P0232,Player_P0232,2017,20.5,PG,Big East,74,213,22,16.2,5.8,5.1,1.9,0.9,2.8,0.444,0.378,0.706,19.2,5.0,1
P0233,Player_P0233,2012,19.6,C,SEC,75,176,27,16.7,4.2,4.4,2.2,0.2,1.8,0.442,0.311,0.643,25.3,5.5,1
P0234,Player_P0234,2013,19.6,SF,Other,75,190,25,15.1,4.4,4.8,0.2,1.8,2.5,0.423,0.328,0.742,23.4,6.6,0
P0235,Player_P0235,2019,21.2,SG,SEC,75,241,29,21.3,9.0,2.6,1.1,2.3,2.6,0.403,0.39,0.77,18.4,8.9,1
P0236,Player_P0236,2013,19.0,SG,Big 12,79,212,39,6.6,7.1,4.0,1.1,0.2,4.2,0.417,0.359,0.818,18.9,0.0,0
P0237,Player_P0237,2017,20.5,SF,Big Ten,78,201,36,19.2,5.5,2.8,1.9,1.2,2.2,0.543,0.315,0.827,12.9,5.1,1
P0238,Player_P0238,2016,20.9,SF,Other,76,203,39,9.7,4.7,2.7,0.8,0.7,2.1,0.366,0.343,0.782,16.7,0.5,0
P0239,Player_P0239,2018,21.2,PG,Big 12,77,227,34,10.4,8.5,3.6,0.0,1.3,0.0,0.464,0.252,0.683,17.5,5.7,0
P0240,Player_P0240,2013,22.2,PG,Big East,73,205,30,16.7,2.1,5.3,0.8,1.2,2.0,0.482,0.301,0.556,17.9,4.9,0
P0241,Player_P0241,2016,19.4,C,Other,76,214,33,16.6,5.7,2.7,1.1,0.3,2.5,0.419,0.346,0.723,20.6,4.6,1
P0242,Player_P0242,2010,19.1,SF,Big 12,78,197,29,23.7,6.4,5.6,2.5,0.4,1.1,0.603,0.409,0.833,20.3,8.1,1
P0243,Player_P0243,2017,20.8,C,Big 12,79,169,20,5.4,5.5,1.0,0.9,1.3,1.6,0.463,0.29,0.767,11.8,2.8,0
P0244,Player_P0244,2011,20.9,PF,Big Ten,72,199,22,18.1,6.2,3.5,1.9,0.6,3.1,0.403,0.272,0.731,33.3,9.2,1
P0245,Player_P0245,2020,19.2,PF,SEC,77,220,31,6.9,4.0,4.2,0.5,0.6,1.0,0.476,0.326,0.747,14.4,4.3,0
P0246,Player_P0246,2021,20.5,SG,Pac-12,75,217,33,12.0,4.3,1.7,2.0,0.0,1.7,0.45,0.339,0.625,24.7,4.7,0
P0247,Player_P0247,2015,22.7,C,Big 12,77,213,25,9.5,5.0,0.0,2.2,1.1,1.7,0.405,0.328,0.649,13.1,2.5,0
P0248,Player_P0248,2022,20.1,PF,SEC,67,198,20,10.3,6.9,1.5,1.1,0.8,2.5,0.468,0.181,0.842,18.2,1.4,0
P0249,Player_P0249,2015,20.9,PF,SEC,77,189,21,16.0,4.3,3.3,2.6,0.1,2.4,0.445,0.19,0.602,21.4,4.7,0
P0250,Player_P0250,2022,21.6,SG,Big Ten,76,216,26,19.5,4.2,2.4,0.6,0.5,2.7,0.404,0.308,0.909,19.9,6.9,0
P0251,Player_P0251,2017,22.5,SF,ACC,77,224,37,22.3,5.6,1.0,1.4,0.4,1.8,0.577,0.222,0.865,21.1,8.1,1
P0252,Player_P0252,2017,20.2,SG,Big Ten,78,194,28,10.0,4.1,1.7,0.6,0.4,2.7,0.525,0.314,0.912,23.1,7.0,0
P0253,Player_P0253,2015,21.3,C,Other,81,212,39,19.9,10.7,1.6,2.9,1.4,4.3,0.528,0.225,0.804,22.4,6.0,1
P0254,Player_P0254,2023,19.2,C,Big Ten,73,187,37,8.1,5.7,3.0,2.4,0.0,2.4,0.451,0.313,0.689,13.7,0.6,0
P0255,Player_P0255,2019,20.0,SG,ACC,76,193,37,7.0,3.7,3.4,0.8,1.5,3.6,0.443,0.307,0.752,16.7,0.8,0
P0256,Player_P0256,2016,19.6,PG,Big 12,79,198,39,16.8,4.1,4.8,1.2,0.9,3.0,0.528,0.323,0.697,13.2,1.5,1
P0257,Player_P0257,2021,18.1,SG,Pac-12,76,222,24,9.8,4.0,3.3,0.5,0.0,2.5,0.543,0.381,0.661,28.6,0.0,0
P0258,Player_P0258,2016,18.4,SG,Big East,76,198,39,13.2,9.0,3.2,1.7,0.0,2.7,0.502,0.291,0.621,13.3,6.8,0
P0259,Player_P0259,2022,20.4,PG,Big 12,81,224,38,23.2,6.7,4.2,0.3,1.6,2.8,0.486,0.343,0.794,28.0,8.8,1
P0260,Player_P0260,2016,20.4,C,SEC,73,208,35,11.8,5.6,3.1,0.7,1.0,2.7,0.304,0.349,0.65,8.5,7.8,0
P0261,Player_P0261,2021,19.0,SF,Big East,77,150,23,19.6,1.8,3.7,0.0,0.8,2.1,0.442,0.36,0.832,16.7,2.8,0
P0262,Player_P0262,2013,21.6,PG,Other,75,229,25,22.0,7.4,2.3,1.3,1.3,3.0,0.432,0.278,0.842,26.5,1.8,1
P0263,Player_P0263,2017,18.9,PF,Pac-12,77,234,33,18.1,8.4,0.4,1.1,2.0,1.6,0.442,0.328,0.943,26.4,8.2,1
P0264,Player_P0264,2018,20.3,SG,Pac-12,85,233,20,33.9,1.8,4.7,0.9,1.1,2.2,0.455,0.421,0.748,20.5,5.7,1
P0265,Player_P0265,2017,19.6,PG,ACC,74,210,36,14.3,7.9,1.3,1.0,0.5,0.7,0.426,0.249,0.835,23.1,2.1,0
P0266,Player_P0266,2016,20.1,SF,Big 12,79,243,28,19.0,11.0,0.9,0.0,0.6,1.3,0.538,0.484,0.718,20.3,10.8,1
P0267,Player_P0267,2010,20.9,SF,Other,76,220,20,9.4,6.5,3.3,1.3,2.3,0.8,0.508,0.345,0.788,23.2,8.2,1
P0268,Player_P0268,2023,20.8,PF,Big Ten,77,228,25,15.3,10.7,5.3,1.4,1.3,2.1,0.484,0.421,0.733,23.0,2.9,1
P0269,Player_P0269,2013,20.7,SG,Big 12,79,221,27,23.7,8.6,1.6,0.7,1.8,2.2,0.497,0.421,0.624,17.7,5.2,1
P0270,Player_P0270,2012,20.6,PF,Pac-12,72,198,33,3.4,2.5,0.8,0.7,1.6,3.2,0.52,0.151,0.834,17.5,0.0,0
P0271,Player_P0271,2021,18.7,PF,Other,79,200,32,7.2,6.3,2.2,1.1,1.3,3.1,0.379,0.326,0.872,33.2,10.4,1
P0272,Player_P0272,2011,21.1,PF,ACC,72,199,27,11.5,5.4,0.0,0.1,0.9,1.1,0.505,0.372,0.879,17.3,4.1,0
P0273,Player_P0273,2020,18.9,C,Other,81,250,32,10.3,6.2,2.3,0.1,2.1,0.0,0.444,0.368,0.657,13.3,0.8,0
P0274,Player_P0274,2014,19.9,C,Big Ten,75,160,37,5.2,5.1,6.0,0.0,1.7,2.4,0.53,0.246,0.774,23.2,2.6,0
P0275,Player_P0275,2020,19.6,SF,Other,77,216,27,16.3,10.8,3.3,2.3,1.2,3.4,0.5,0.276,0.691,21.7,3.9,1
P0276,Player_P0276,2013,20.4,SG,Other,75,205,27,15.4,3.3,1.0,0.1,0.2,2.6,0.561,0.331,0.715,13.0,0.0,0
P0277,Player_P0277,2019,19.5,SF,Big East,73,189,22,20.9,7.5,2.7,2.2,2.0,3.0,0.569,0.371,0.701,10.6,7.8,0
P0278,Player_P0278,2023,19.8,SF,Other,78,246,27,21.3,5.9,2.8,2.2,0.7,2.3,0.489,0.385,0.642,17.6,6.7,1
P0279,Player_P0279,2017,21.6,PG,Other,83,221,25,9.0,4.1,0.5,2.0,0.6,3.7,0.49,0.357,0.767,22.2,3.5,0
P0280,Player_P0280,2017,18.7,C,Other,80,204,35,7.0,6.9,0.7,0.8,0.0,3.2,0.438,0.408,0.694,14.6,6.2,0
P0281,Player_P0281,2018,20.0,SF,SEC,78,183,22,21.8,5.5,6.2,2.4,0.8,1.9,0.522,0.46,0.956,30.7,7.1,1
P0282,Player_P0282,2015,18.9,PG,SEC,78,203,31,19.4,5.5,2.2,1.8,0.0,3.4,0.403,0.35,0.627,19.3,4.2,0
P0283,Player_P0283,2017,20.7,C,ACC,74,203,35,8.1,1.7,2.9,1.8,0.9,3.5,0.437,0.417,0.604,14.3,1.3,0
P0284,Player_P0284,2018,19.3,C,Big Ten,71,203,25,19.4,2.2,3.5,0.5,0.0,2.0,0.473,0.321,0.673,17.9,1.0,0
P0285,Player_P0285,2010,20.0,SF,Pac-12,79,201,21,14.6,3.5,2.0,0.8,1.8,0.7,0.465,0.251,0.764,17.3,1.6,0
P0286,Player_P0286,2016,18.7,C,ACC,79,210,33,13.6,0.2,2.6,0.5,1.0,4.5,0.559,0.377,0.656,10.3,7.7,0
P0287,Player_P0287,2017,21.3,C,Other,79,220,31,10.5,9.0,0.9,0.9,2.1,2.1,0.446,0.43,0.808,13.7,2.0,0
P0288,Player_P0288,2012,20.1,C,Big Ten,75,180,31,15.3,6.4,0.5,1.1,0.1,3.2,0.351,0.42,0.709,17.8,3.8,0
P0289,Player_P0289,2016,20.1,C,ACC,75,184,37,11.9,5.4,0.3,0.8,1.6,1.4,0.539,0.38,0.694,22.4,0.4,0
P0290,Player_P0290,2015,20.8,PG,Big Ten,78,170,22,10.2,0.0,3.5,0.0,0.0,3.0,0.367,0.166,0.722,22.4,0.1,0
P0291,Player_P0291,2017,18.7,PG,ACC,77,209,23,19.9,5.3,3.1,1.5,1.4,3.3,0.434,0.429,0.908,22.5,2.9,1
P0292,Player_P0292,2014,19.4,SF,Big Ten,75,210,29,11.3,5.5,0.0,1.4,0.3,1.6,0.456,0.289,0.597,18.4,2.2,0
P0293,Player_P0293,2022,20.2,PF,SEC,71,215,31,8.0,10.4,2.4,0.9,0.4,1.9,0.465,0.333,0.869,13.9,2.4,0
P0294,Player_P0294,2018,18.2,C,Big Ten,77,230,38,23.7,7.0,4.5,1.0,1.9,4.0,0.539,0.451,0.74,24.4,6.6,1
P0295,Player_P0295,2018,18.3,PF,Other,82,210,32,13.6,7.8,1.7,2.0,1.9,1.3,0.519,0.517,0.753,18.8,6.4,1
P0296,Player_P0296,2021,19.2,SG,Big 12,72,193,24,14.4,4.3,1.6,0.6,0.0,0.9,0.351,0.487,0.826,14.0,6.9,0
P0297,Player_P0297,2010,18.9,C,Big East,84,211,37,13.8,8.3,2.3,1.8,1.5,1.6,0.512,0.391,0.657,21.8,4.5,1
P0298,Player_P0298,2013,19.7,SF,Big East,86,190,28,17.1,7.6,6.1,0.8,1.3,3.6,0.471,0.45,0.744,21.8,3.7,1
P0299,Player_P0299,2012,20.5,PF,ACC,78,185,37,20.7,4.6,1.1,1.4,1.4,4.3,0.367,0.389,0.671,10.1,0.0,0
P0300,Player_P0300,2018,20.7,SG,ACC,79,194,25,19.7,3.8,2.6,1.0,0.9,2.7,0.5,0.395,0.807,21.4,1.0,0
P0301,Player_P0301,2014,21.8,PF,Other,74,209,35,16.4,9.0,3.3,1.1,1.4,1.5,0.496,0.375,0.656,6.8,0.0,0
P0302,Player_P0302,2019,20.0,PG,Big East,71,262,30,10.1,5.6,2.7,0.6,0.0,0.7,0.4,0.276,0.715,14.9,6.1,0
P0303,Player_P0303,2023,20.2,C,Big Ten,74,211,31,10.5,8.2,3.0,0.8,0.4,3.8,0.321,0.365,0.781,21.7,5.2,0
P0304,Player_P0304,2015,20.0,C,Pac-12,79,237,39,18.9,3.8,0.5,1.0,1.1,2.7,0.376,0.258,0.814,19.0,0.4,0
P0305,Player_P0305,2014,20.3,PF,Big 12,76,214,23,16.3,10.5,4.9,1.1,1.7,1.6,0.469,0.377,0.863,33.1,4.4,1
P0306,Player_P0306,2016,20.4,C,ACC,79,238,26,18.7,6.9,1.7,0.7,1.5,2.6,0.46,0.41,0.781,28.7,8.3,1
P0307,Player_P0307,2016,20.9,C,Big Ten,71,185,23,21.4,6.6,3.0,1.3,1.3,1.1,0.433,0.273,0.632,13.8,6.4,0
P0308,Player_P0308,2015,20.9,PG,Big East,82,224,36,26.3,3.4,0.0,1.9,1.9,2.2,0.484,0.407,0.811,19.2,8.1,1
P0309,Player_P0309,2014,20.5,SG,Big 12,78,175,37,20.8,4.2,3.5,1.2,0.2,2.4,0.449,0.29,0.653,18.3,0.0,0
P0310,Player_P0310,2015,21.5,PG,SEC,78,237,36,5.0,5.5,3.0,0.0,1.0,0.1,0.362,0.315,0.795,7.1,0.8,0
P0311,Player_P0311,2016,20.0,SG,ACC,78,206,24,24.0,10.1,5.2,1.4,1.8,1.1,0.586,0.385,0.936,26.9,1.8,1
P0312,Player_P0312,2016,19.4,SF,ACC,79,188,25,20.9,5.6,5.3,2.1,1.3,0.0,0.42,0.354,0.8,24.3,5.8,1
P0313,Player_P0313,2016,19.6,PG,Big Ten,75,198,28,12.1,5.0,4.7,2.2,0.4,3.4,0.39,0.283,0.725,13.7,2.9,0
P0314,Player_P0314,2014,19.9,PG,SEC,76,218,35,10.7,1.8,2.4,1.9,0.1,2.2,0.463,0.41,0.722,18.9,1.5,0
P0315,Player_P0315,2018,18.9,PF,Other,82,237,35,30.7,6.8,3.2,1.0,0.8,1.6,0.495,0.426,0.78,24.4,8.5,1
P0316,Player_P0316,2016,19.4,PF,Big East,84,219,39,17.4,1.2,3.9,1.4,1.4,3.0,0.572,0.299,0.575,20.3,4.0,0
P0317,Player_P0317,2013,18.9,SG,Big Ten,78,188,35,8.1,7.0,1.8,0.6,0.8,2.4,0.378,0.332,0.711,7.5,0.0,0
P0318,Player_P0318,2020,20.3,PF,ACC,75,179,39,11.5,2.6,0.5,1.0,1.3,3.3,0.404,0.297,0.731,22.6,2.7,0
P0319,Player_P0319,2022,20.4,SF,Big Ten,77,204,25,5.8,6.3,3.2,1.4,1.0,2.1,0.471,0.368,0.597,13.6,5.5,0
P0320,Player_P0320,2015,18.2,SF,Other,83,177,32,15.0,7.9,0.8,2.3,2.3,2.9,0.473,0.339,0.728,24.3,9.1,1
P0321,Player_P0321,2017,19.3,PG,SEC,81,223,30,16.6,7.7,3.3,2.3,1.4,3.9,0.431,0.41,0.73,18.2,2.9,1
P0322,Player_P0322,2023,21.8,PF,Other,74,230,23,11.8,6.6,3.3,1.0,0.1,2.3,0.445,0.333,0.721,25.6,0.0,0
P0323,Player_P0323,2014,20.6,PF,Big 12,72,196,38,12.1,6.5,3.9,1.9,1.0,3.5,0.4,0.514,0.734,21.5,0.7,1
P0324,Player_P0324,2013,20.5,PG,SEC,79,211,22,19.7,0.0,0.1,0.8,0.3,1.5,0.325,0.325,0.67,7.0,1.2,0
P0325,Player_P0325,2014,19.3,PG,SEC,77,206,37,10.2,4.7,4.0,0.0,1.3,2.6,0.36,0.375,0.666,16.2,2.3,0
P0326,Player_P0326,2016,20.3,SG,Pac-12,83,191,25,26.8,12.4,3.7,1.7,1.0,2.9,0.496,0.281,0.815,26.6,5.0,1
P0327,Player_P0327,2016,20.0,PG,SEC,76,179,24,3.2,9.6,1.9,1.9,2.0,0.0,0.444,0.397,0.747,20.0,4.6,0
P0328,Player_P0328,2018,19.2,C,Big Ten,74,216,32,13.4,8.5,3.8,2.4,1.4,2.1,0.497,0.36,0.772,23.2,3.4,1
P0329,Player_P0329,2013,19.5,C,Big 12,74,245,29,4.7,2.1,2.0,1.1,1.7,2.4,0.461,0.298,0.52,20.1,1.2,0
P0330,Player_P0330,2017,19.5,PG,Other,82,205,27,24.9,6.1,4.4,1.0,0.6,3.0,0.414,0.362,0.942,24.4,5.7,1
P0331,Player_P0331,2011,18.5,SG,Big Ten,80,170,38,15.7,1.6,3.6,0.7,0.6,0.5,0.442,0.302,0.71,19.8,1.2,0
P0332,Player_P0332,2023,18.7,SG,Big East,76,143,33,10.1,9.3,0.0,0.5,1.0,2.3,0.398,0.468,0.767,16.5,5.7,0
P0333,Player_P0333,2014,19.8,C,Other,74,220,32,13.8,8.0,2.6,1.3,1.4,2.3,0.429,0.349,0.827,12.5,5.8,0
P0334,Player_P0334,2014,19.2,PF,SEC,74,203,35,8.4,6.4,2.6,0.9,0.7,1.1,0.482,0.289,0.652,16.9,1.9,0
P0335,Player_P0335,2012,19.7,C,SEC,79,228,36,12.3,5.9,5.3,1.3,0.6,0.6,0.502,0.26,0.805,15.7,8.2,0
P0336,Player_P0336,2015,18.4,SG,ACC,78,187,23,21.6,9.0,0.6,1.2,0.3,1.7,0.431,0.218,0.607,23.1,1.2,0
P0337,Player_P0337,2023,20.8,PG,Big East,78,212,28,10.3,8.5,1.9,0.7,0.0,2.7,0.384,0.272,0.731,13.4,5.6,0
P0338,Player_P0338,2018,22.1,SF,Other,75,222,38,13.9,8.4,1.1,0.1,0.7,2.4,0.46,0.383,0.698,13.2,6.6,0
P0339,Player_P0339,2019,21.0,C,Other,78,196,36,4.2,6.6,0.9,0.1,0.3,1.1,0.469,0.3,0.724,12.5,0.0,0
P0340,Player_P0340,2018,21.1,C,Big Ten,74,196,21,19.6,4.6,4.2,2.8,0.1,2.1,0.514,0.263,0.631,25.5,4.4,0
P0341,Player_P0341,2014,20.6,SF,Other,79,209,24,15.6,8.4,3.5,1.5,0.0,1.9,0.508,0.401,0.779,15.7,8.8,1
P0342,Player_P0342,2021,20.3,SG,Big 12,79,216,25,17.3,7.5,1.7,1.8,0.0,0.8,0.4,0.375,0.863,22.5,5.1,0
P0343,Player_P0343,2014,20.1,PG,Pac-12,79,205,30,11.4,5.0,1.7,0.6,1.2,2.1,0.485,0.324,0.633,10.8,0.2,0
P0344,Player_P0344,2021,19.1,SF,Big Ten,73,224,36,15.1,4.6,1.7,1.0,1.0,3.3,0.416,0.286,0.737,18.5,4.4,0
P0345,Player_P0345,2023,20.7,SF,Big Ten,79,235,29,16.4,3.6,4.0,1.6,1.6,1.5,0.414,0.407,0.687,24.7,5.2,1
P0346,Player_P0346,2010,20.6,PG,Pac-12,76,178,23,9.7,9.7,0.6,0.2,0.7,3.2,0.515,0.484,0.693,22.2,5.8,0
P0347,Player_P0347,2012,19.5,C,SEC,81,245,31,17.5,3.6,2.1,0.6,0.0,3.6,0.358,0.415,0.842,21.4,5.2,0
P0348,Player_P0348,2020,20.5,PF,Other,70,193,24,8.2,4.8,2.0,1.8,1.2,1.8,0.563,0.433,0.681,16.4,3.1,0
P0349,Player_P0349,2011,19.3,SG,Big Ten,79,213,33,15.2,7.3,3.8,1.9,1.1,1.6,0.447,0.364,0.744,22.0,0.0,1
P0350,Player_P0350,2020,19.4,SG,Other,72,204,39,10.0,6.7,2.7,0.4,0.9,3.0,0.492,0.319,0.631,24.1,2.8,0
P0351,Player_P0351,2013,20.8,SG,SEC,73,220,32,27.5,8.2,2.5,3.0,0.9,2.2,0.528,0.288,0.665,24.3,5.8,1
P0352,Player_P0352,2018,20.4,C,ACC,73,209,38,20.3,4.7,1.2,1.3,1.0,2.9,0.512,0.419,0.649,21.8,5.0,1
P0353,Player_P0353,2019,19.8,PF,Big Ten,75,205,30,12.2,6.6,2.3,0.7,0.0,1.9,0.424,0.404,0.777,6.7,2.3,0
P0354,Player_P0354,2014,19.7,PG,Big East,74,204,36,6.6,6.8,5.7,1.0,1.3,2.5,0.491,0.353,0.663,7.9,1.0,0
P0355,Player_P0355,2022,20.2,SG,Other,80,238,38,21.9,5.4,4.3,1.6,1.9,2.0,0.416,0.424,0.81,24.0,4.2,1
P0356,Player_P0356,2022,18.2,PF,ACC,74,158,23,12.2,4.4,0.9,1.2,0.4,1.1,0.406,0.284,0.762,27.1,0.0,0
P0357,Player_P0357,2013,19.2,SG,Big 12,72,243,33,9.3,5.3,1.1,1.2,0.9,1.7,0.549,0.373,0.846,5.8,0.0,0
P0358,Player_P0358,2020,18.7,C,SEC,78,202,25,11.7,2.4,0.9,0.6,1.5,3.0,0.442,0.38,0.777,12.1,2.2,0
P0359,Player_P0359,2019,20.0,SF,Pac-12,78,217,21,12.7,5.1,4.1,0.7,1.4,1.9,0.399,0.34,0.886,16.4,3.9,0
P0360,Player_P0360,2013,21.1,PF,Pac-12,79,177,24,8.9,1.8,1.9,0.3,0.4,0.5,0.351,0.339,0.77,23.7,0.0,0
P0361,Player_P0361,2021,20.5,SF,Other,71,196,22,11.4,7.4,2.9,0.1,0.0,3.2,0.552,0.334,0.767,12.1,3.6,0
P0362,Player_P0362,2014,19.5,PF,Big Ten,77,192,23,7.0,6.5,5.5,0.9,0.0,1.8,0.407,0.349,0.781,19.0,2.7,0
P0363,Player_P0363,2013,19.3,SF,ACC,78,234,20,23.7,4.8,2.5,1.5,0.5,3.1,0.564,0.38,0.854,14.7,0.1,0
P0364,Player_P0364,2019,19.2,SG,Big Ten,73,193,39,17.3,5.2,3.6,0.2,1.6,0.6,0.464,0.374,0.831,29.0,1.9,0
P0365,Player_P0365,2011,22.0,C,Other,76,208,28,8.5,4.3,3.3,1.3,0.0,3.0,0.492,0.21,0.737,26.4,3.8,1
P0366,Player_P0366,2022,20.1,SF,SEC,76,192,23,17.9,2.7,1.6,1.5,0.3,2.5,0.45,0.327,0.792,17.8,0.6,0
P0367,Player_P0367,2015,20.2,PG,Big Ten,82,196,26,2.1,6.0,4.1,0.0,0.3,1.9,0.573,0.324,0.744,16.4,3.2,0
P0368,Player_P0368,2016,18.0,SG,Big East,82,200,34,0.0,7.2,1.2,0.8,0.4,0.8,0.308,0.275,0.703,13.9,3.9,0
P0369,Player_P0369,2019,18.8,SF,SEC,76,220,32,16.0,9.9,1.4,1.7,0.6,3.1,0.566,0.363,0.813,29.7,5.0,1
P0370,Player_P0370,2022,20.0,SG,Big 12,78,192,21,15.3,5.9,2.9,2.0,1.2,3.0,0.539,0.285,0.916,30.2,3.9,1
P0371,Player_P0371,2020,19.5,C,ACC,73,179,22,10.8,1.3,1.8,0.0,1.4,2.2,0.427,0.28,0.687,6.0,4.0,0
P0372,Player_P0372,2015,20.1,SF,Big East,79,258,30,19.0,12.3,4.8,0.2,1.1,2.7,0.386,0.343,0.839,22.2,4.5,1
P0373,Player_P0373,2020,20.1,SG,Big East,79,183,39,16.6,2.6,1.1,0.6,2.2,2.9,0.424,0.326,0.689,20.1,8.9,0
P0374,Player_P0374,2015,20.6,PF,Big Ten,73,189,21,6.3,9.1,1.9,1.4,0.0,2.6,0.451,0.387,0.784,13.1,5.5,0
P0375,Player_P0375,2017,18.1,PF,Big Ten,77,173,37,14.0,2.6,0.0,0.6,1.7,1.7,0.439,0.375,0.668,16.9,0.0,0
P0376,Player_P0376,2019,18.9,SF,Big Ten,76,190,21,12.1,1.4,2.2,1.0,1.5,2.5,0.361,0.389,0.728,9.9,2.0,0
P0377,Player_P0377,2017,19.9,C,Pac-12,78,165,29,13.7,5.8,1.7,0.7,0.5,3.4,0.463,0.297,0.624,21.3,9.2,0
P0378,Player_P0378,2010,19.4,C,Big Ten,77,185,24,9.4,4.5,3.7,1.0,0.5,2.1,0.483,0.359,0.747,19.3,0.5,0
P0379,Player_P0379,2010,19.7,SF,Big 12,80,229,28,18.9,1.7,3.1,0.7,0.1,3.9,0.407,0.382,0.766,16.1,3.2,0
P0380,Player_P0380,2011,20.1,PF,Big 12,76,213,38,11.5,6.8,1.4,0.9,0.2,0.5,0.552,0.221,0.592,16.8,6.1,0
P0381,Player_P0381,2011,19.3,PG,Other,75,209,24,20.9,0.5,1.8,0.3,0.7,0.4,0.52,0.449,0.652,9.0,4.6,0
P0382,Player_P0382,2020,20.2,SF,SEC,79,185,32,8.0,2.9,2.1,1.3,0.7,3.0,0.491,0.489,0.606,9.3,5.0,0
P0383,Player_P0383,2012,20.5,SF,Big 12,78,174,26,15.7,4.1,4.7,1.1,0.0,1.2,0.49,0.396,0.766,15.4,4.8,0
P0384,Player_P0384,2013,20.1,SF,SEC,78,182,33,11.7,7.5,1.3,0.0,2.1,4.0,0.442,0.386,0.735,18.6,3.1,0
P0385,Player_P0385,2014,20.7,C,Big East,75,217,21,25.2,9.3,2.5,2.1,0.6,4.7,0.561,0.419,0.715,22.1,5.4,1
P0386,Player_P0386,2012,18.0,SF,Other,73,222,25,15.2,8.3,0.8,0.9,0.7,3.6,0.534,0.307,0.708,14.2,4.1,0
P0387,Player_P0387,2022,19.4,SF,Other,74,223,39,10.5,5.1,0.3,1.1,0.3,2.9,0.488,0.322,0.749,19.7,2.0,0
P0388,Player_P0388,2011,20.9,SF,SEC,76,270,34,25.2,8.0,3.2,0.6,1.0,0.0,0.47,0.397,0.771,22.4,7.8,1
P0389,Player_P0389,2012,19.1,PF,SEC,78,232,38,20.8,3.3,2.0,1.7,0.9,3.4,0.43,0.359,0.842,21.6,6.5,1
P0390,Player_P0390,2013,19.0,SG,Big 12,79,205,33,18.4,9.2,4.4,1.7,0.7,3.5,0.474,0.256,0.663,17.5,2.0,0
P0391,Player_P0391,2011,19.9,SG,Big East,76,199,23,18.2,8.6,4.1,0.8,0.7,0.5,0.49,0.302,0.715,15.0,7.3,0
P0392,Player_P0392,2013,20.0,SF,Pac-12,80,201,29,21.4,6.7,6.1,1.6,1.2,3.6,0.435,0.376,0.703,15.4,3.6,0
P0393,Player_P0393,2012,19.5,SG,Big 12,78,188,37,21.2,12.3,2.7,1.0,1.4,2.4,0.478,0.389,0.808,19.1,8.8,1
P0394,Player_P0394,2014,21.8,PF,SEC,81,208,33,10.7,2.8,4.3,1.6,1.0,2.7,0.43,0.318,0.772,33.3,4.8,1
P0395,Player_P0395,2012,20.3,C,Big Ten,74,200,30,9.9,10.3,0.5,1.2,0.7,2.4,0.376,0.323,0.746,20.6,8.3,0
P0396,Player_P0396,2023,19.1,SG,Pac-12,81,229,37,12.1,2.0,3.5,1.7,0.8,2.5,0.384,0.259,0.762,20.1,3.0,0
P0397,Player_P0397,2021,18.6,SF,Big Ten,78,192,22,21.9,7.4,1.0,2.1,1.5,3.2,0.456,0.296,0.642,24.9,0.0,1
P0398,Player_P0398,2019,20.4,SG,Big 12,82,215,39,17.9,7.0,4.2,1.6,0.4,2.4,0.371,0.344,0.848,20.5,10.1,1
P0399,Player_P0399,2018,19.1,PF,ACC,80,207,22,23.7,6.4,2.3,1.6,1.6,3.7,0.458,0.496,0.745,28.9,4.7,1
P0400,Player_P0400,2019,22.2,SG,Big Ten,73,201,39,14.4,2.5,3.0,1.0,0.6,2.2,0.517,0.364,0.707,22.2,0.7,0
P0401,Player_P0401,2023,20.4,SF,Big Ten,72,173,36,11.9,9.3,2.8,0.5,0.6,1.4,0.436,0.365,0.945,24.6,5.3,0
P0402,Player_P0402,2011,20.6,SG,Big East,76,229,29,24.0,4.4,0.7,1.7,1.6,3.9,0.494,0.469,0.862,28.9,2.3,1
P0403,Player_P0403,2017,20.2,PF,Pac-12,83,191,29,12.8,4.4,3.6,1.6,1.1,3.7,0.51,0.302,0.807,16.9,3.7,1
P0404,Player_P0404,2012,21.1,SG,SEC,85,215,20,12.4,2.6,4.3,0.1,0.7,2.4,0.368,0.271,0.702,18.1,2.3,0
P0405,Player_P0405,2016,18.0,SG,Big 12,73,188,26,10.6,10.6,5.6,2.2,0.4,2.7,0.573,0.356,0.84,20.5,5.1,0
P0406,Player_P0406,2022,18.8,PF,Other,72,207,24,14.4,5.4,0.8,0.6,1.2,1.2,0.522,0.315,0.727,7.3,8.6,0
P0407,Player_P0407,2018,21.0,SF,Other,78,187,34,9.1,9.0,3.6,2.1,1.2,3.0,0.461,0.393,0.715,14.8,2.4,0
P0408,Player_P0408,2018,21.5,PF,Pac-12,81,248,23,24.6,5.0,5.4,1.3,0.2,3.7,0.511,0.237,0.721,21.4,8.4,1
P0409,Player_P0409,2011,18.8,PF,Pac-12,78,221,36,20.3,9.2,4.1,1.6,1.4,2.0,0.42,0.463,0.657,20.7,7.7,1
P0410,Player_P0410,2021,18.2,SG,Big East,80,226,26,28.1,6.9,1.7,1.3,1.0,3.6,0.416,0.34,0.766,27.7,4.3,1
P0411,Player_P0411,2020,20.2,SG,Big East,70,181,37,11.5,9.1,1.7,1.0,0.0,0.9,0.446,0.405,0.635,17.7,4.2,0
P0412,Player_P0412,2015,20.5,C,Big Ten,74,209,27,17.8,9.2,0.5,2.1,1.2,2.9,0.459,0.472,0.876,15.8,0.0,0
P0413,Player_P0413,2014,20.1,PG,SEC,73,178,35,11.0,0.8,2.2,1.9,0.0,0.0,0.42,0.334,0.61,23.2,7.9,0
P0414,Player_P0414,2018,19.9,PF,Big Ten,70,181,33,11.3,6.9,3.8,1.2,0.1,2.3,0.353,0.365,0.735,15.2,1.2,0
P0415,Player_P0415,2020,18.1,SG,Other,76,184,39,5.9,5.2,0.0,0.3,0.9,2.0,0.568,0.265,0.763,15.6,3.7,0
P0416,Player_P0416,2017,19.6,PG,Pac-12,69,196,30,15.8,2.9,2.0,0.4,0.3,1.5,0.454,0.393,0.719,19.5,3.6,0
P0417,Player_P0417,2021,19.8,C,Other,81,193,27,15.5,6.0,1.9,0.6,2.0,1.9,0.467,0.453,0.796,28.8,6.8,1
P0418,Player_P0418,2012,19.5,C,ACC,84,221,32,14.8,8.3,0.4,0.6,1.3,3.1,0.509,0.387,0.686,24.7,11.7,1
P0419,Player_P0419,2019,18.1,SG,SEC,74,215,20,12.0,4.3,3.1,2.0,1.1,3.1,0.346,0.371,0.767,20.7,3.6,0
P0420,Player_P0420,2021,20.6,PF,Big East,77,183,39,12.6,3.5,0.7,1.1,0.1,2.6,0.435,0.35,0.65,13.4,7.4,0
P0421,Player_P0421,2019,20.9,PF,Other,81,205,33,23.7,5.6,6.6,1.4,2.0,5.3,0.57,0.262,0.832,31.3,5.3,1
P0422,Player_P0422,2014,19.2,SF,Other,79,210,20,10.8,5.3,4.8,1.9,0.5,2.3,0.483,0.387,0.755,19.4,2.6,0
P0423,Player_P0423,2016,19.8,C,Big Ten,78,192,23,16.0,3.0,3.6,0.4,1.2,1.5,0.494,0.366,0.641,20.2,1.9,0
P0424,Player_P0424,2016,19.5,SG,Other,79,199,20,10.1,9.4,1.1,1.0,1.2,1.7,0.486,0.32,0.777,17.6,1.0,0
P0425,Player_P0425,2014,19.5,PG,Other,73,200,33,21.9,4.1,4.2,2.3,1.3,2.5,0.362,0.388,0.931,20.9,8.0,1
P0426,Player_P0426,2011,20.5,C,Other,80,216,33,25.8,3.3,1.2,2.2,1.9,2.7,0.477,0.397,0.632,24.9,3.9,1
P0427,Player_P0427,2012,20.5,SG,Pac-12,76,195,23,19.8,5.5,2.6,1.6,1.4,1.5,0.554,0.358,0.672,14.7,5.6,1
P0428,Player_P0428,2018,21.1,PG,Other,76,237,30,6.8,4.1,0.0,0.6,0.8,2.1,0.506,0.33,0.618,20.9,4.7,0
P0429,Player_P0429,2013,21.1,C,ACC,75,202,29,11.8,9.9,1.5,1.9,0.1,2.4,0.47,0.206,0.646,18.2,8.5,0
P0430,Player_P0430,2021,19.8,SF,Big Ten,75,229,29,17.0,4.1,4.6,2.1,0.9,0.6,0.326,0.371,0.697,17.2,2.4,0
P0431,Player_P0431,2021,22.8,C,ACC,82,191,32,22.1,7.0,3.5,1.3,1.0,2.9,0.418,0.389,0.86,19.1,6.1,1
P0432,Player_P0432,2015,21.5,C,SEC,77,176,37,10.1,7.3,2.3,0.8,0.8,1.4,0.388,0.312,0.784,17.5,7.6,0
P0433,Player_P0433,2015,19.3,SG,Other,76,183,38,5.1,2.4,2.7,0.6,0.4,1.0,0.454,0.339,0.692,11.0,5.3,0
P0434,Player_P0434,2023,20.1,C,Pac-12,74,188,23,16.7,7.3,5.8,1.0,0.6,3.6,0.393,0.315,0.59,19.9,4.1,0
P0435,Player_P0435,2010,18.0,SF,SEC,74,188,38,11.5,7.0,2.5,0.7,0.0,2.7,0.476,0.303,0.67,20.2,6.8,0
P0436,Player_P0436,2013,20.0,PF,Big East,77,183,31,16.9,5.2,6.4,1.3,0.4,1.4,0.45,0.456,0.606,22.8,0.0,1
P0437,Player_P0437,2019,21.7,SG,SEC,79,217,23,12.5,7.7,1.6,1.2,0.9,2.5,0.512,0.275,0.68,18.2,6.9,0
P0438,Player_P0438,2022,22.8,PG,SEC,80,251,38,26.4,9.0,3.4,1.5,1.1,1.7,0.506,0.371,0.77,16.7,11.5,1
P0439,Player_P0439,2016,19.9,PG,Pac-12,73,211,27,6.8,5.2,2.5,0.9,0.1,1.7,0.339,0.267,0.772,16.9,5.3,0
P0440,Player_P0440,2020,20.3,SG,SEC,76,221,28,20.3,12.1,2.7,1.0,1.4,2.7,0.506,0.558,0.664,14.2,4.0,1
P0441,Player_P0441,2013,20.6,SF,Pac-12,77,228,39,18.3,5.7,1.5,2.2,2.0,2.7,0.443,0.291,0.722,24.5,5.4,1
P0442,Player_P0442,2022,22.0,C,Other,72,206,31,18.8,1.7,3.8,0.7,0.0,1.9,0.501,0.3,0.573,15.0,2.5,0
P0443,Player_P0443,2018,19.0,PG,SEC,81,185,22,17.2,9.7,5.1,2.9,1.6,1.8,0.43,0.383,0.806,24.0,1.1,1
P0444,Player_P0444,2020,22.7,PF,Big 12,74,209,21,14.3,6.9,2.5,0.0,0.6,1.8,0.442,0.315,0.696,14.0,3.7,0
P0445,Player_P0445,2012,19.7,PF,SEC,75,247,36,7.8,9.6,3.6,1.9,0.1,0.6,0.437,0.41,0.772,5.0,1.9,0
P0446,Player_P0446,2016,18.8,C,Other,76,264,26,16.8,8.9,1.3,1.8,1.3,2.0,0.504,0.324,0.821,23.3,9.5,1
P0447,Player_P0447,2020,19.7,C,Big 12,79,221,21,6.9,8.0,4.1,1.4,1.7,0.3,0.394,0.374,0.672,17.0,4.0,0
P0448,Player_P0448,2015,19.2,PG,Other,76,186,20,12.2,0.5,2.6,1.4,0.0,1.6,0.433,0.281,0.608,16.8,3.5,0
P0449,Player_P0449,2023,20.4,SG,Pac-12,72,195,38,12.3,4.3,2.3,0.6,0.3,1.8,0.397,0.387,0.666,16.8,3.6,0
P0450,Player_P0450,2021,18.3,C,ACC,78,203,31,23.6,0.8,0.0,0.5,1.3,2.7,0.405,0.403,0.669,13.5,1.6,0
P0451,Player_P0451,2011,20.1,PF,SEC,75,189,30,15.2,7.5,1.9,0.4,0.8,2.0,0.594,0.406,0.692,14.4,2.3,0
P0452,Player_P0452,2021,20.7,SG,Big Ten,81,263,31,19.0,6.3,2.5,1.5,1.8,3.2,0.524,0.4,0.77,17.1,6.9,1
P0453,Player_P0453,2015,21.5,C,Big Ten,81,205,28,20.9,6.6,3.9,0.3,1.2,2.5,0.441,0.489,0.813,28.4,7.3,1
P0454,Player_P0454,2018,20.7,SG,Big Ten,70,189,39,17.2,2.8,4.2,1.3,2.8,2.4,0.466,0.292,0.706,25.0,7.2,1
P0455,Player_P0455,2015,21.4,SG,Big East,77,229,32,3.9,8.2,4.2,1.4,0.9,1.4,0.475,0.444,0.59,12.3,3.2,0
P0456,Player_P0456,2019,19.4,C,Pac-12,82,207,32,7.8,5.1,0.7,0.0,0.3,3.4,0.411,0.251,0.722,21.4,1.2,0
P0457,Player_P0457,2016,20.4,C,SEC,81,170,37,10.8,6.9,2.3,0.8,0.4,0.5,0.515,0.288,0.579,5.1,0.0,0
P0458,Player_P0458,2016,18.0,SF,SEC,81,204,20,9.9,6.8,4.3,1.7,0.9,2.3,0.467,0.225,0.841,17.5,8.6,0
P0459,Player_P0459,2018,19.9,PF,Big 12,73,211,26,10.3,5.0,1.2,0.9,0.0,1.8,0.363,0.404,0.865,26.6,2.4,0
P0460,Player_P0460,2013,20.4,PF,Other,79,224,36,5.5,2.8,3.9,0.5,1.5,2.8,0.434,0.224,0.715,15.1,6.6,0
P0461,Player_P0461,2015,20.5,SG,Other,74,198,21,19.0,6.9,3.6,0.6,1.7,2.0,0.43,0.205,0.643,16.0,1.7,0
P0462,Player_P0462,2010,18.4,SF,Big East,77,222,26,4.9,7.0,2.9,0.0,0.6,2.0,0.427,0.253,0.66,18.1,7.2,0
P0463,Player_P0463,2010,19.6,PG,Big Ten,73,193,23,31.6,4.9,2.1,1.7,1.4,1.3,0.533,0.368,0.778,18.2,0.0,1
P0464,Player_P0464,2019,19.7,C,Other,82,228,34,12.0,2.8,4.4,1.7,2.0,0.0,0.471,0.472,0.947,36.5,0.5,1
P0465,Player_P0465,2013,19.6,C,Other,74,177,36,11.8,2.6,5.2,0.7,1.9,2.0,0.471,0.254,0.843,11.0,0.3,0
P0466,Player_P0466,2019,20.7,PG,ACC,79,227,25,7.1,7.2,3.4,0.7,1.6,4.0,0.46,0.212,0.806,19.3,9.5,0
P0467,Player_P0467,2020,19.8,PF,Big 12,78,229,33,5.3,5.5,3.0,0.0,0.0,2.3,0.445,0.327,0.807,6.5,2.4,0
P0468,Player_P0468,2019,20.1,PG,Big 12,76,187,35,22.5,5.0,5.4,1.3,0.8,2.8,0.425,0.4,0.779,13.6,0.0,1
P0469,Player_P0469,2015,19.5,PG,Big East,72,235,38,8.2,4.8,2.6,1.7,1.0,1.9,0.487,0.199,0.616,14.0,4.1,0
P0470,Player_P0470,2017,21.1,PF,SEC,81,200,38,18.9,11.3,3.7,0.9,0.5,1.1,0.466,0.413,0.589,25.6,1.9,1
P0471,Player_P0471,2020,21.1,PF,Big Ten,74,194,29,20.6,5.7,1.2,1.9,1.5,5.0,0.506,0.321,0.751,29.6,3.5,1
P0472,Player_P0472,2014,19.7,C,Big Ten,78,230,21,14.5,2.9,4.5,1.1,1.7,2.5,0.509,0.478,0.801,12.5,2.3,1
P0473,Player_P0473,2015,22.9,SG,SEC,76,222,34,16.8,9.2,3.1,1.2,1.8,1.4,0.416,0.352,0.801,15.4,8.7,1
P0474,Player_P0474,2013,19.2,C,Pac-12,79,216,30,12.9,4.7,0.3,0.3,0.6,2.3,0.51,0.413,0.792,14.4,3.4,0
P0475,Player_P0475,2012,21.0,SF,SEC,74,197,29,19.2,9.5,2.6,0.0,0.3,2.4,0.471,0.48,0.769,14.3,4.3,0
P0476,Player_P0476,2010,19.0,SG,Big Ten,68,192,30,9.8,8.1,0.0,0.9,0.6,2.4,0.459,0.308,0.765,15.3,7.8,0
P0477,Player_P0477,2010,20.8,SG,Pac-12,71,210,32,8.4,1.4,2.0,1.3,0.6,2.1,0.497,0.237,0.552,28.0,2.0,0
P0478,Player_P0478,2012,20.7,PF,Other,80,172,25,9.3,8.9,1.7,1.4,1.3,3.6,0.422,0.314,0.84,9.4,0.0,0
P0479,Player_P0479,2020,19.0,SG,Big Ten,75,219,26,11.0,8.9,3.2,1.5,0.2,2.4,0.465,0.344,0.579,21.4,0.3,0
P0480,Player_P0480,2018,19.9,SG,SEC,77,245,26,21.1,8.9,1.3,2.4,1.1,2.1,0.601,0.522,0.773,22.2,4.1,1
P0481,Player_P0481,2011,21.9,SG,Big 12,81,212,29,7.8,0.0,0.0,1.0,0.0,2.0,0.507,0.373,0.776,23.7,0.8,0
P0482,Player_P0482,2020,19.2,SG,Big Ten,80,195,33,1.9,5.3,5.9,0.8,0.1,3.0,0.343,0.485,0.752,19.1,0.9,0
P0483,Player_P0483,2020,20.4,SG,Other,76,200,20,9.2,8.3,2.2,0.9,0.3,1.3,0.489,0.21,0.605,16.0,2.9,0
P0484,Player_P0484,2022,20.3,PG,Other,75,190,25,13.8,9.5,3.0,0.9,0.8,3.4,0.441,0.295,0.621,21.1,3.6,0
P0485,Player_P0485,2023,20.0,C,Big 12,78,240,34,24.1,6.6,3.9,1.5,0.4,2.2,0.58,0.368,0.689,17.1,4.9,1
P0486,Player_P0486,2011,18.3,SG,Big 12,77,243,20,18.0,9.9,4.0,0.0,0.0,2.5,0.393,0.293,0.766,19.8,1.2,0
P0487,Player_P0487,2017,20.8,SF,ACC,81,233,35,21.8,0.0,2.6,1.7,0.1,1.7,0.445,0.385,0.62,23.1,5.5,0
P0488,Player_P0488,2021,20.0,PG,Pac-12,76,176,35,13.6,7.1,2.9,1.5,0.3,2.3,0.429,0.378,0.76,20.6,4.9,1
P0489,Player_P0489,2013,21.1,SF,ACC,78,204,26,18.9,4.5,0.0,0.1,0.4,1.8,0.466,0.417,0.584,13.9,7.0,0
P0490,Player_P0490,2018,20.2,SG,SEC,80,222,32,15.8,8.4,2.6,1.3,0.3,1.2,0.377,0.464,0.776,12.8,5.1,0
P0491,Player_P0491,2011,20.1,PG,Big Ten,72,228,29,20.5,8.7,3.8,0.7,1.1,1.7,0.478,0.353,0.64,18.3,2.1,0
P0492,Player_P0492,2014,20.4,SG,Pac-12,78,188,25,21.3,7.9,2.1,0.7,0.1,3.5,0.329,0.208,0.727,11.6,6.3,0
P0493,Player_P0493,2023,19.0,C,Other,75,203,22,16.8,2.1,4.3,0.5,0.5,2.5,0.4,0.281,0.712,14.3,3.7,0
P0494,Player_P0494,2020,21.6,C,ACC,77,207,39,20.1,7.8,5.0,1.4,0.8,1.8,0.605,0.397,0.602,21.2,5.6,1
P0495,Player_P0495,2013,19.6,PF,Big East,70,227,37,11.0,6.8,1.5,0.5,1.2,3.1,0.49,0.231,0.742,18.5,4.8,0
P0496,Player_P0496,2023,19.6,SG,Other,73,246,37,11.8,1.3,4.9,0.3,0.6,1.1,0.464,0.365,0.666,12.2,2.7,0
P0497,Player_P0497,2012,21.3,PF,Big Ten,78,207,22,10.3,0.3,2.6,1.7,1.3,2.7,0.467,0.154,0.752,9.6,3.3,0
P0498,Player_P0498,2015,20.2,C,Other,75,235,39,21.9,7.8,7.2,1.2,0.7,2.8,0.5,0.403,0.829,27.0,8.2,1
P0499,Player_P0499,2016,19.8,PF,Pac-12,77,217,32,8.4,5.0,2.6,0.9,0.7,2.6,0.421,0.392,0.787,13.1,0.9,0
P0500,Player_P0500,2018,20.4,C,SEC,77,198,30,24.2,6.5,0.9,1.6,1.1,2.1,0.498,0.507,0.884,21.4,1.1,1
P0501,Player_P0501,2013,20.6,SG,Pac-12,79,241,26,16.0,1.5,3.5,1.1,1.7,2.4,0.48,0.379,0.776,32.6,7.6,1
P0502,Player_P0502,2013,19.9,SF,Big Ten,76,218,24,20.6,6.4,2.2,0.7,0.7,2.6,0.435,0.273,0.665,15.2,3.5,0
P0503,Player_P0503,2019,20.9,SG,ACC,78,225,26,26.0,12.1,4.5,2.3,2.3,2.9,0.525,0.299,0.639,23.0,5.6,1
P0504,Player_P0504,2012,18.7,PF,Big 12,78,206,23,17.7,4.3,5.1,1.3,1.6,2.6,0.452,0.282,0.732,20.3,9.8,1
P0505,Player_P0505,2011,20.3,PG,Big East,76,192,35,19.3,10.2,4.9,1.1,0.6,1.3,0.414,0.31,0.72,19.7,2.3,0
P0506,Player_P0506,2012,20.8,SG,Other,71,208,38,13.5,8.0,3.8,0.5,0.0,1.7,0.49,0.223,0.849,6.5,1.3,0
P0507,Player_P0507,2014,20.6,PF,Big 12,80,197,39,19.2,4.7,2.1,1.5,0.0,2.3,0.459,0.332,0.734,10.4,2.6,0
P0508,Player_P0508,2010,18.0,PG,Big Ten,74,183,37,5.8,4.8,1.0,1.3,0.2,0.6,0.46,0.371,0.623,18.8,0.6,0
P0509,Player_P0509,2010,19.9,SG,ACC,82,198,22,24.0,6.4,1.5,1.2,0.4,2.6,0.455,0.316,0.916,17.1,0.0,0
P0510,Player_P0510,2020,18.8,PF,Other,76,212,34,17.4,2.7,5.4,0.0,0.5,0.6,0.42,0.338,0.879,20.9,0.0,0
P0511,Player_P0511,2017,21.3,SG,Big Ten,79,201,37,13.0,6.3,1.5,0.9,0.6,3.3,0.225,0.333,0.765,8.3,6.4,0
P0512,Player_P0512,2012,19.6,PF,Other,76,177,30,19.1,2.2,0.0,0.3,0.0,2.5,0.532,0.281,0.835,13.6,7.6,0
P0513,Player_P0513,2013,21.2,SF,Big Ten,76,225,31,6.2,5.3,4.0,1.0,0.3,3.9,0.398,0.334,0.696,14.5,4.9,0
P0514,Player_P0514,2019,18.8,SF,ACC,74,150,27,10.6,2.6,4.8,0.0,1.0,2.7,0.426,0.381,0.785,16.8,2.9,0
P0515,Player_P0515,2021,20.4,SG,Big Ten,76,196,36,19.2,2.7,5.0,0.1,0.0,1.7,0.427,0.402,0.682,16.2,0.0,0
P0516,Player_P0516,2022,20.0,C,SEC,81,221,34,18.0,6.7,2.4,1.0,0.0,2.8,0.489,0.499,0.823,20.3,7.8,1
P0517,Player_P0517,2013,22.8,PF,Big 12,74,208,32,14.8,5.6,4.3,1.2,0.9,2.2,0.454,0.283,0.953,15.4,4.5,0
P0518,Player_P0518,2021,21.2,PF,Other,76,216,20,14.7,6.0,2.6,0.8,0.2,2.0,0.437,0.375,0.593,22.9,5.1,0
P0519,Player_P0519,2015,21.1,PF,SEC,84,230,39,15.2,8.9,3.5,0.4,1.1,2.2,0.531,0.406,0.795,13.9,9.8,1
P0520,Player_P0520,2014,22.0,SF,ACC,83,191,30,4.1,4.0,2.5,0.3,0.0,1.1,0.449,0.28,0.746,10.4,6.0,0
P0521,Player_P0521,2018,20.3,PG,Pac-12,76,217,39,20.0,6.7,3.4,1.1,1.2,4.0,0.438,0.297,0.766,16.2,7.9,0
P0522,Player_P0522,2011,19.9,PG,Big 12,81,209,33,9.2,6.0,2.3,0.8,0.9,3.3,0.496,0.378,0.712,20.0,2.0,0
P0523,Player_P0523,2016,19.8,SF,Pac-12,75,171,30,9.8,0.1,2.2,1.9,0.7,1.8,0.36,0.426,0.713,18.9,10.0,0
P0524,Player_P0524,2016,20.3,C,Big East,77,243,35,5.9,6.0,1.1,0.9,1.4,3.8,0.392,0.203,0.732,14.0,0.0,0
P0525,Player_P0525,2018,18.0,SF,Other,72,176,24,6.6,6.4,1.0,1.0,0.5,1.2,0.484,0.445,0.763,17.3,1.1,0
P0526,Player_P0526,2012,20.0,C,SEC,75,213,29,14.0,8.7,5.3,0.2,0.3,2.2,0.402,0.411,0.72,8.1,3.5,0
P0527,Player_P0527,2010,20.2,SF,Big 12,77,213,20,6.4,3.9,5.3,0.8,1.5,0.7,0.386,0.344,0.714,15.9,4.4,0
P0528,Player_P0528,2015,19.8,PF,Big 12,81,211,34,15.7,0.0,2.5,1.1,1.8,3.8,0.405,0.313,0.601,8.7,2.5,0
P0529,Player_P0529,2023,18.5,PG,Big 12,77,195,26,8.7,3.0,2.9,0.8,0.3,0.4,0.434,0.357,0.901,18.5,1.8,0
P0530,Player_P0530,2017,19.9,PF,SEC,80,222,21,5.9,2.8,1.0,0.7,0.6,0.6,0.434,0.285,0.768,10.4,8.5,0
P0531,Player_P0531,2017,18.5,C,ACC,78,174,35,9.4,7.3,3.5,1.2,1.3,1.4,0.427,0.318,0.739,16.8,1.6,0
P0532,Player_P0532,2019,21.8,SF,Big Ten,81,204,24,13.7,0.0,5.1,1.9,0.7,3.3,0.378,0.227,0.664,17.6,0.5,0
P0533,Player_P0533,2017,19.7,C,Other,76,194,24,10.6,4.4,0.2,1.1,1.1,3.0,0.486,0.208,0.63,16.4,7.2,0
P0534,Player_P0534,2013,18.0,SG,Other,83,191,22,12.2,9.1,3.2,1.7,1.2,2.1,0.52,0.493,0.797,12.8,5.1,0
P0535,Player_P0535,2023,19.8,SF,ACC,75,214,32,15.5,5.5,3.3,1.4,0.4,3.0,0.325,0.334,0.706,14.9,5.7,0
P0536,Player_P0536,2013,20.9,C,Other,74,227,26,17.4,7.7,3.3,1.7,1.0,1.9,0.347,0.344,0.776,21.9,3.5,0
P0537,Player_P0537,2018,20.2,PF,Big East,72,198,31,10.4,1.4,5.0,0.6,0.7,2.4,0.5,0.328,0.598,13.9,0.0,0
P0538,Player_P0538,2022,19.1,PF,ACC,83,221,26,6.8,1.5,5.6,0.9,0.0,3.7,0.534,0.272,0.859,16.1,3.2,0
P0539,Player_P0539,2019,19.3,SF,Other,78,206,35,12.4,9.1,2.1,0.9,0.1,1.8,0.312,0.309,0.801,13.2,0.0,0
P0540,Player_P0540,2023,19.7,SF,Other,86,190,27,11.1,7.6,3.2,0.7,1.3,0.6,0.488,0.442,0.76,25.7,5.7,1
P0541,Player_P0541,2012,19.6,SG,Pac-12,78,220,35,19.1,7.8,3.8,1.3,1.1,1.2,0.518,0.244,0.777,19.9,5.2,1
P0542,Player_P0542,2018,18.7,PF,Big East,78,199,29,7.5,2.7,1.6,1.1,1.3,2.7,0.388,0.277,0.787,12.2,5.7,0
P0543,Player_P0543,2011,19.9,PG,Big 12,82,191,20,8.4,5.8,2.9,1.5,1.1,2.1,0.535,0.364,0.6,16.0,2.8,0
P0544,Player_P0544,2017,18.7,SF,SEC,71,214,28,11.0,2.6,3.5,0.7,1.0,3.0,0.429,0.343,0.871,14.8,4.9,0
P0545,Player_P0545,2012,20.9,C,Big East,75,244,24,3.1,7.5,4.7,1.6,1.2,2.8,0.467,0.342,0.741,21.4,4.5,1
P0546,Player_P0546,2019,21.1,PG,SEC,75,173,29,15.5,12.3,1.2,1.6,0.9,2.1,0.397,0.379,0.657,15.8,5.4,0
P0547,Player_P0547,2014,19.0,SF,Big 12,79,209,22,13.0,7.2,5.7,0.6,0.8,2.9,0.486,0.411,0.751,22.5,7.7,1
P0548,Player_P0548,2011,19.3,PF,Pac-12,79,213,35,4.1,3.9,1.8,1.1,1.0,2.3,0.49,0.318,0.809,18.5,1.0,0
P0549,Player_P0549,2022,19.6,PG,Other,75,189,32,10.3,0.0,1.2,1.4,0.0,3.6,0.543,0.434,0.739,24.9,4.3,0
P0550,Player_P0550,2022,20.0,PG,Other,81,238,22,20.1,2.8,4.7,2.2,0.9,1.9,0.504,0.285,0.789,25.8,6.4,1
P0551,Player_P0551,2012,20.3,PG,ACC,83,221,39,4.7,9.4,3.1,1.1,0.1,1.7,0.439,0.199,0.722,10.5,3.2,0
P0552,Player_P0552,2012,20.5,SG,Big 12,84,220,27,21.5,2.8,3.2,1.7,1.2,2.1,0.471,0.271,0.612,30.3,3.9,1
P0553,Player_P0553,2010,20.4,C,ACC,81,229,24,21.8,7.4,4.1,1.4,0.6,3.1,0.582,0.352,0.748,19.2,5.6,1
P0554,Player_P0554,2019,21.6,PG,Pac-12,79,249,20,18.2,3.9,4.6,0.0,1.4,2.9,0.396,0.548,0.746,18.3,6.9,1
P0555,Player_P0555,2022,20.1,PF,Big Ten,84,218,24,13.7,4.9,2.3,0.8,1.3,2.5,0.463,0.392,0.895,19.2,4.9,1
P0556,Player_P0556,2013,18.7,SG,Other,74,197,20,8.7,5.0,2.3,0.7,0.8,0.5,0.348,0.32,0.934,14.3,0.5,0
P0557,Player_P0557,2016,18.4,SF,Pac-12,74,186,29,19.4,4.5,2.5,1.0,1.3,0.0,0.353,0.242,0.798,11.4,4.3,0
P0558,Player_P0558,2019,21.6,C,Big 12,77,234,32,10.4,9.9,4.9,0.4,1.1,2.6,0.543,0.274,0.904,17.0,5.5,1
P0559,Player_P0559,2016,20.5,C,Big East,77,181,27,8.0,3.9,4.2,1.0,1.6,2.4,0.523,0.217,0.965,10.4,8.4,0
P0560,Player_P0560,2020,20.2,PG,Big Ten,70,223,37,12.5,4.1,4.3,1.0,0.8,2.0,0.469,0.324,0.755,12.0,4.7,0
P0561,Player_P0561,2020,20.4,PG,ACC,72,189,39,12.6,6.5,4.2,0.5,0.0,2.7,0.403,0.198,0.731,10.4,0.0,0
P0562,Player_P0562,2020,20.2,SG,ACC,81,227,26,18.1,6.0,2.5,1.3,0.6,3.9,0.432,0.349,0.659,19.1,8.1,0
P0563,Player_P0563,2020,20.4,C,SEC,79,188,32,17.3,8.9,3.5,1.9,1.4,1.0,0.529,0.6,0.814,17.3,4.4,1
P0564,Player_P0564,2016,19.6,PF,Other,74,184,28,15.8,6.6,5.4,2.4,0.6,3.0,0.488,0.387,0.536,20.4,0.0,0
P0565,Player_P0565,2015,21.1,PF,Big Ten,75,196,25,12.2,8.4,3.8,0.9,1.1,1.1,0.387,0.329,0.791,12.1,0.4,0
P0566,Player_P0566,2018,19.5,C,Big East,76,153,24,19.5,2.8,1.8,0.3,0.7,1.2,0.461,0.425,0.606,9.7,1.8,0
P0567,Player_P0567,2011,19.1,PG,ACC,78,203,30,18.5,6.8,4.6,0.4,0.3,0.0,0.458,0.3,0.801,13.8,5.1,0
P0568,Player_P0568,2018,18.3,PF,Big 12,72,202,22,13.0,3.7,1.7,1.7,0.0,2.6,0.389,0.218,0.716,15.1,0.0,0
P0569,Player_P0569,2010,19.8,C,Pac-12,80,212,33,22.3,7.5,2.4,0.8,0.5,4.1,0.568,0.3,0.674,17.9,2.7,1
P0570,Player_P0570,2020,21.3,C,Other,77,167,37,14.5,7.2,4.7,0.2,0.8,3.2,0.422,0.312,0.716,7.6,5.0,0
P0571,Player_P0571,2018,19.5,PF,Other,76,228,27,11.1,5.6,1.1,1.5,0.0,2.7,0.38,0.203,0.845,18.4,0.0,0
P0572,Player_P0572,2016,18.6,PF,Pac-12,78,221,31,20.4,11.5,3.4,0.8,0.2,1.8,0.491,0.256,0.829,11.5,4.9,0
P0573,Player_P0573,2014,20.3,SG,SEC,72,230,39,12.4,9.1,3.7,1.4,0.0,1.4,0.443,0.278,0.717,12.8,5.2,0
P0574,Player_P0574,2017,19.3,PF,ACC,77,204,34,10.0,8.4,6.4,1.6,0.3,1.2,0.465,0.439,0.639,21.9,0.9,0
P0575,Player_P0575,2018,21.5,SG,Big Ten,79,225,28,9.7,7.4,1.4,1.2,1.4,1.8,0.369,0.38,0.803,5.1,0.1,0
P0576,Player_P0576,2019,21.1,SF,Other,77,176,37,5.9,9.9,4.6,2.4,0.0,1.0,0.489,0.306,0.632,17.6,0.8,0
P0577,Player_P0577,2022,18.7,PG,SEC,76,219,20,14.8,1.9,2.5,0.0,1.1,3.8,0.57,0.363,0.58,17.6,0.0,0
P0578,Player_P0578,2012,19.8,SG,Big 12,76,190,31,7.9,8.9,0.6,0.5,2.4,0.7,0.364,0.187,0.765,11.9,2.2,0
P0579,Player_P0579,2010,19.2,PG,Big Ten,73,172,25,17.5,3.0,2.3,0.8,1.6,1.8,0.461,0.29,0.83,13.8,3.5,0
P0580,Player_P0580,2019,18.8,SF,ACC,76,183,23,5.5,4.1,2.5,2.4,0.8,0.1,0.393,0.358,0.684,22.1,0.0,0
P0581,Player_P0581,2012,19.9,PG,Big East,82,217,30,28.7,5.8,5.4,1.2,0.9,0.9,0.518,0.344,0.779,22.3,2.3,1
P0582,Player_P0582,2012,20.8,PF,Big 12,76,189,34,17.8,8.6,3.0,1.8,0.0,2.0,0.514,0.292,0.683,21.3,3.3,0
P0583,Player_P0583,2013,19.9,PF,Other,73,213,34,1.2,2.6,3.9,0.5,0.0,1.6,0.457,0.327,0.785,25.4,3.7,0
P0584,Player_P0584,2020,19.5,PF,SEC,75,169,34,22.1,4.2,2.9,0.6,0.7,1.1,0.366,0.354,0.819,12.5,2.0,0
P0585,Player_P0585,2010,18.0,PF,Other,77,162,25,9.9,5.7,1.7,0.5,0.9,2.0,0.381,0.329,0.696,8.1,4.9,0
P0586,Player_P0586,2015,19.3,PF,ACC,75,232,28,12.7,5.0,2.3,0.5,1.4,1.5,0.485,0.39,0.628,15.7,6.2,0
P0587,Player_P0587,2011,20.6,PF,Big Ten,77,223,22,14.9,7.6,2.5,1.9,0.4,1.9,0.358,0.352,0.589,20.0,2.0,0
P0588,Player_P0588,2021,18.7,PF,Big Ten,78,184,32,15.6,14.1,2.8,0.9,0.8,4.0,0.36,0.366,0.803,6.7,4.9,0
P0589,Player_P0589,2020,21.3,PG,Big Ten,79,205,36,13.4,6.5,4.2,0.9,0.8,2.2,0.441,0.45,0.618,11.4,4.9,0
P0590,Player_P0590,2011,19.4,PF,Other,80,225,29,17.0,3.7,2.9,1.5,0.6,2.5,0.448,0.388,0.753,11.9,4.0,0
P0591,Player_P0591,2013,20.2,SF,Other,81,233,26,14.3,7.9,3.3,0.7,1.2,2.2,0.494,0.363,0.679,21.3,4.4,1
P0592,Player_P0592,2016,19.6,PG,Big 12,73,208,26,20.8,4.7,1.7,1.0,0.2,1.2,0.414,0.283,0.675,17.1,1.2,0
P0593,Player_P0593,2016,18.8,SF,SEC,82,223,33,12.0,7.5,1.7,3.1,0.6,4.1,0.511,0.458,0.89,28.4,9.4,1
P0594,Player_P0594,2012,20.4,SG,SEC,88,204,33,27.9,8.4,3.5,2.5,1.2,2.5,0.469,0.463,0.794,20.4,0.7,1
P0595,Player_P0595,2016,19.4,PG,Pac-12,75,206,29,16.5,6.6,4.4,0.6,0.4,1.7,0.478,0.314,0.647,10.3,4.8,0
P0596,Player_P0596,2022,19.2,SF,ACC,73,205,24,3.0,4.3,5.2,0.6,1.1,2.4,0.453,0.432,0.638,13.9,2.3,0
P0597,Player_P0597,2013,18.0,C,Big 12,78,232,28,15.3,5.4,2.3,2.1,2.2,0.4,0.485,0.452,0.812,14.4,5.3,1
P0598,Player_P0598,2011,21.3,PG,ACC,75,197,26,9.1,3.7,3.6,1.1,1.1,0.0,0.511,0.324,0.835,15.2,7.2,0
P0599,Player_P0599,2015,20.0,PG,Other,74,206,21,19.5,5.2,0.3,0.9,0.1,1.2,0.413,0.358,0.865,12.0,7.5,0
P0600,Player_P0600,2016,21.1,C,Big 12,76,213,28,23.5,10.4,4.1,1.3,1.6,1.8,0.475,0.348,0.861,17.0,3.7,1
P0601,Player_P0601,2013,20.6,PF,Big East,75,220,36,15.4,6.0,4.0,1.8,1.2,0.9,0.488,0.367,0.755,23.2,8.1,1
P0602,Player_P0602,2011,21.1,SG,Other,77,221,32,8.6,8.7,2.4,1.4,0.8,3.6,0.319,0.355,0.816,14.9,7.7,0
P0603,Player_P0603,2011,19.4,SG,Big 12,83,185,22,15.1,6.6,7.0,0.9,0.2,1.7,0.429,0.406,0.57,24.8,4.2,0
P0604,Player_P0604,2021,18.6,PG,ACC,77,201,37,10.7,8.1,3.0,0.7,1.5,0.0,0.434,0.438,0.742,17.9,4.1,0
P0605,Player_P0605,2011,20.8,C,Big 12,78,219,24,26.2,7.8,2.2,0.9,1.2,1.8,0.504,0.326,0.795,18.1,4.6,1
P0606,Player_P0606,2013,20.1,PF,Pac-12,76,212,32,14.2,7.8,3.1,0.9,1.4,2.4,0.388,0.273,0.836,13.1,1.0,0
P0607,Player_P0607,2020,19.5,SG,SEC,82,199,31,21.2,8.1,2.4,0.6,1.4,3.0,0.551,0.39,0.716,27.6,9.3,1
P0608,Player_P0608,2018,20.7,PG,ACC,77,223,34,1.2,9.3,1.1,1.0,0.5,2.0,0.493,0.255,0.635,15.7,4.7,0
P0609,Player_P0609,2010,20.3,PF,ACC,82,191,35,11.6,1.3,5.7,0.3,0.4,1.5,0.364,0.455,0.735,17.5,1.9,0
P0610,Player_P0610,2012,20.6,SF,Pac-12,78,171,25,13.2,10.4,7.0,2.8,0.0,1.7,0.52,0.257,0.777,21.9,6.6,1
P0611,Player_P0611,2016,19.0,PF,Big East,78,211,35,12.6,11.1,4.6,1.1,2.4,2.6,0.468,0.392,0.769,26.1,5.0,1
P0612,Player_P0612,2014,21.0,SG,ACC,77,204,31,16.8,0.0,1.9,1.2,0.0,2.3,0.402,0.378,0.776,13.4,0.4,0
P0613,Player_P0613,2023,20.0,C,Big East,71,243,26,10.2,6.7,2.0,0.6,1.3,2.2,0.391,0.182,0.69,10.5,7.1,0
P0614,Player_P0614,2011,21.1,PG,Big 12,78,199,22,12.2,8.1,4.8,1.8,0.8,1.6,0.42,0.257,0.737,16.2,4.5,0
P0615,Player_P0615,2010,21.0,PG,ACC,80,230,31,17.9,4.1,3.0,0.6,1.6,1.1,0.505,0.351,0.806,16.9,3.8,0
P0616,Player_P0616,2017,20.7,PF,Big 12,75,199,29,5.0,4.8,0.0,2.9,1.0,2.5,0.538,0.31,0.737,21.9,2.9,1
P0617,Player_P0617,2023,19.9,SF,Big East,79,163,29,28.3,6.9,6.1,2.3,0.6,2.1,0.523,0.374,0.792,21.2,4.8,1
P0618,Player_P0618,2010,20.7,SG,Pac-12,71,206,33,10.3,4.2,2.8,0.8,1.6,3.1,0.468,0.373,0.731,13.1,1.8,0
P0619,Player_P0619,2021,21.1,PF,SEC,73,207,34,28.3,8.5,4.1,1.0,0.0,1.2,0.62,0.269,0.761,28.5,7.0,1
P0620,Player_P0620,2023,20.6,SF,Big Ten,79,191,23,13.7,3.8,4.1,1.1,0.3,1.2,0.38,0.245,0.863,11.0,3.3,0
P0621,Player_P0621,2015,20.2,SF,Big 12,75,185,25,18.1,3.7,3.2,2.4,0.2,0.6,0.422,0.392,0.765,17.4,3.8,0
P0622,Player_P0622,2015,20.7,SG,Big 12,80,232,38,7.0,4.5,3.2,1.1,0.6,3.9,0.511,0.393,0.998,18.4,6.1,1
P0623,Player_P0623,2023,19.5,PF,Big 12,77,207,31,11.3,4.8,1.9,1.2,1.2,2.9,0.51,0.313,0.728,10.0,5.9,0
P0624,Player_P0624,2018,21.5,SF,SEC,79,208,28,12.5,4.0,3.7,0.7,1.8,1.8,0.517,0.401,0.89,26.2,3.9,1
P0625,Player_P0625,2017,18.3,C,SEC,75,219,39,16.3,4.5,2.9,0.1,1.2,1.6,0.415,0.337,0.789,15.8,1.0,0
P0626,Player_P0626,2014,20.0,SF,ACC,78,231,33,11.6,6.4,4.6,0.0,0.9,0.5,0.401,0.423,0.801,17.4,4.0,0
P0627,Player_P0627,2023,19.6,SG,Big Ten,73,185,36,8.5,4.1,1.5,0.5,1.1,2.9,0.503,0.341,0.865,17.6,3.7,0
P0628,Player_P0628,2013,19.4,PG,ACC,73,190,29,8.8,4.0,1.4,1.5,0.4,3.2,0.513,0.423,0.742,12.4,0.0,0
P0629,Player_P0629,2015,20.3,SG,Pac-12,76,176,23,16.2,1.2,4.3,0.0,0.2,1.3,0.373,0.199,0.878,19.8,6.0,0
P0630,Player_P0630,2021,18.9,PF,Big 12,79,246,34,11.8,1.6,1.8,1.4,0.8,1.2,0.431,0.362,0.815,18.6,6.9,0
P0631,Player_P0631,2017,22.2,SG,Pac-12,80,211,36,6.8,2.5,1.9,1.3,1.3,3.2,0.436,0.302,0.715,12.4,4.1,0
P0632,Player_P0632,2020,18.6,SF,ACC,74,215,31,3.6,6.0,1.9,2.2,0.7,1.4,0.394,0.27,0.57,10.3,0.0,0
P0633,Player_P0633,2023,19.0,SG,Big 12,79,200,28,16.3,8.7,3.8,1.2,0.9,3.8,0.522,0.44,0.785,25.1,3.8,1
P0634,Player_P0634,2019,19.0,C,Big Ten,74,205,22,9.3,1.0,0.1,1.2,0.0,1.9,0.398,0.392,0.86,8.6,3.9,0
P0635,Player_P0635,2012,20.2,C,ACC,81,215,24,13.7,4.1,1.7,1.8,0.8,1.6,0.408,0.19,0.65,17.0,2.3,0
P0636,Player_P0636,2020,21.0,C,Big East,73,200,38,18.2,2.1,2.8,1.3,0.4,2.0,0.434,0.38,0.727,21.9,6.4,0
P0637,Player_P0637,2018,20.5,PF,ACC,80,227,23,5.5,4.8,2.8,0.7,0.7,1.6,0.351,0.372,0.735,23.1,2.7,0
P0638,Player_P0638,2012,21.5,SF,Big Ten,74,251,33,11.8,8.2,4.2,0.3,0.6,3.1,0.317,0.279,0.805,10.6,8.3,0
P0639,Player_P0639,2011,19.2,PG,Big 12,74,224,33,23.0,7.0,8.1,2.1,0.9,2.1,0.419,0.408,0.747,26.0,7.4,1
P0640,Player_P0640,2023,20.7,PG,Big Ten,78,185,29,13.9,5.4,4.8,1.0,0.9,3.1,0.396,0.219,0.642,16.4,3.7,0
P0641,Player_P0641,2011,19.7,SF,Other,73,187,39,18.2,9.1,3.9,1.1,1.0,2.2,0.568,0.306,0.771,5.0,5.3,0
P0642,Player_P0642,2016,20.2,PF,Other,74,237,33,5.4,6.6,2.3,0.0,1.9,1.5,0.558,0.318,0.653,14.3,6.8,0
P0643,Player_P0643,2023,21.1,PG,Big 12,78,226,39,14.8,3.6,1.6,0.9,1.2,2.0,0.41,0.386,0.555,13.8,5.2,0
P0644,Player_P0644,2022,18.3,SF,Big Ten,79,202,25,17.2,5.9,2.5,1.0,1.7,1.6,0.58,0.349,0.886,22.1,2.8,0
P0645,Player_P0645,2021,22.0,C,SEC,76,206,34,11.1,3.4,3.4,1.3,0.2,3.5,0.496,0.256,0.803,11.6,1.4,0
P0646,Player_P0646,2020,19.9,C,SEC,76,189,35,11.3,6.6,3.7,2.0,0.0,3.0,0.401,0.347,0.89,18.8,0.2,0
P0647,Player_P0647,2016,18.4,SF,SEC,78,223,38,14.1,6.8,3.4,1.1,0.7,1.9,0.285,0.312,0.799,15.5,0.0,0
P0648,Player_P0648,2014,19.3,SF,ACC,76,197,28,13.7,2.1,2.3,0.5,1.2,1.1,0.481,0.265,0.781,8.8,3.4,0
P0649,Player_P0649,2022,20.1,PG,ACC,72,200,26,14.9,5.9,3.7,0.0,1.1,3.5,0.442,0.219,0.753,13.2,2.0,0
P0650,Player_P0650,2017,19.3,PG,ACC,74,217,36,14.8,5.2,4.4,1.4,1.4,2.1,0.466,0.374,0.703,23.7,2.2,0
P0651,Player_P0651,2015,18.0,SG,Big 12,80,226,34,16.6,6.7,7.0,2.3,2.1,3.3,0.579,0.359,0.727,18.2,4.1,1
P0652,Player_P0652,2023,20.1,C,SEC,80,200,25,17.0,7.6,2.5,1.5,1.5,3.5,0.371,0.369,0.67,20.5,2.7,0
P0653,Player_P0653,2015,19.3,PG,Other,82,202,26,18.7,5.7,3.3,1.8,1.9,3.2,0.488,0.484,0.777,16.9,8.7,1
P0654,Player_P0654,2010,20.7,PF,Big Ten,80,226,35,14.5,4.9,2.4,1.2,0.8,3.3,0.524,0.281,0.647,31.8,7.3,1
P0655,Player_P0655,2018,18.9,SG,Big East,77,238,31,4.5,7.8,1.5,1.3,1.1,1.8,0.419,0.234,0.836,9.6,0.6,0
P0656,Player_P0656,2015,22.3,PG,Big Ten,78,203,38,25.3,5.8,2.4,1.0,1.4,2.9,0.487,0.355,0.769,27.8,6.4,1
P0657,Player_P0657,2018,20.5,PG,ACC,79,238,32,11.4,8.4,4.7,0.5,0.9,2.3,0.609,0.325,0.557,27.1,5.0,1
P0658,Player_P0658,2018,20.2,PF,Pac-12,79,234,39,12.4,4.2,2.8,1.3,1.1,2.0,0.45,0.435,0.733,23.8,7.6,1
P0659,Player_P0659,2018,20.6,PG,Big Ten,74,191,26,10.2,5.3,1.7,0.5,1.0,1.4,0.373,0.216,0.683,7.3,1.5,0
P0660,Player_P0660,2014,18.2,SF,Other,72,218,35,5.0,3.4,2.9,0.2,0.0,1.3,0.495,0.256,0.764,20.2,0.3,0
P0661,Player_P0661,2013,19.5,C,Other,81,202,23,28.0,7.6,2.0,1.7,0.4,0.7,0.47,0.376,0.826,24.9,7.9,1
P0662,Player_P0662,2014,21.8,SF,ACC,77,177,34,12.8,0.6,3.2,1.2,0.0,1.2,0.422,0.397,0.762,11.9,0.0,0
P0663,Player_P0663,2023,19.7,SG,Big Ten,78,198,28,3.8,3.9,2.0,0.0,1.1,2.2,0.57,0.273,0.663,16.4,5.5,0
P0664,Player_P0664,2020,19.9,C,Big Ten,79,222,30,16.7,5.0,4.7,1.8,1.1,0.1,0.513,0.24,0.779,12.9,3.4,1
P0665,Player_P0665,2015,19.5,PG,Other,79,230,36,16.6,10.4,1.0,1.3,1.5,1.9,0.523,0.495,0.854,29.5,8.7,1
P0666,Player_P0666,2022,21.5,SG,ACC,78,235,22,14.6,6.5,3.1,1.1,0.3,4.4,0.475,0.313,0.722,13.6,5.7,0
P0667,Player_P0667,2020,19.8,PG,Big East,76,215,24,10.0,4.1,1.2,1.1,0.2,1.8,0.333,0.349,0.718,16.1,4.2,0
P0668,Player_P0668,2017,18.7,PG,Big Ten,77,232,31,8.0,5.4,2.1,0.8,0.4,2.6,0.515,0.236,0.754,20.6,2.3,0
P0669,Player_P0669,2021,22.6,C,SEC,74,210,28,8.1,7.0,3.2,0.4,0.9,2.7,0.5,0.284,0.692,23.1,6.5,0
P0670,Player_P0670,2023,18.6,SG,Big Ten,82,195,31,16.9,5.3,5.6,1.6,0.9,1.1,0.488,0.484,0.821,16.3,3.4,1
P0671,Player_P0671,2017,19.9,PG,Other,78,186,28,12.1,5.7,0.0,1.0,1.1,2.3,0.237,0.435,0.788,14.9,12.2,0
P0672,Player_P0672,2011,19.2,C,Pac-12,74,205,21,12.7,3.5,0.2,1.4,1.3,2.0,0.424,0.389,0.782,11.8,0.0,0
P0673,Player_P0673,2016,19.3,C,ACC,78,222,38,22.5,3.8,4.7,1.6,0.9,1.1,0.503,0.403,0.82,35.8,4.4,1
P0674,Player_P0674,2013,18.9,SG,Big Ten,74,178,33,9.9,7.1,0.5,1.1,0.0,1.4,0.507,0.202,0.766,21.1,5.5,0
P0675,Player_P0675,2019,19.5,SF,SEC,74,194,32,10.2,2.9,2.0,1.7,1.5,1.5,0.503,0.264,0.878,6.3,2.9,0
P0676,Player_P0676,2011,21.0,PF,SEC,73,199,22,24.5,5.1,5.0,0.8,1.6,2.0,0.463,0.308,0.619,14.0,5.0,0
P0677,Player_P0677,2016,18.1,SF,Other,80,213,23,8.1,4.5,0.4,0.1,1.6,0.0,0.368,0.499,0.713,9.9,0.3,0
P0678,Player_P0678,2016,21.3,PF,Big 12,79,214,31,9.2,5.2,2.1,1.3,0.6,3.5,0.53,0.308,0.704,16.8,3.1,0
P0679,Player_P0679,2015,21.1,SG,Other,80,195,21,17.3,8.1,3.7,1.4,0.8,3.0,0.342,0.426,0.681,23.3,7.5,1
P0680,Player_P0680,2018,20.5,C,Big Ten,83,221,29,25.2,10.8,3.9,0.3,0.8,3.3,0.41,0.332,0.837,23.4,8.0,1
P0681,Player_P0681,2017,20.1,SF,Other,75,201,37,5.1,6.8,1.9,0.2,0.0,2.7,0.456,0.355,0.641,21.6,3.6,0
P0682,Player_P0682,2012,20.3,PG,Other,78,284,37,19.8,9.6,4.7,1.6,1.4,3.1,0.501,0.306,0.829,23.3,0.2,1
P0683,Player_P0683,2021,21.4,PF,Pac-12,87,221,30,27.8,8.2,3.8,0.9,0.0,2.4,0.416,0.339,0.814,18.1,8.4,1
P0684,Player_P0684,2016,18.3,PG,Other,80,207,24,17.8,9.4,2.8,2.0,1.1,2.1,0.513,0.287,0.74,18.9,3.3,1
P0685,Player_P0685,2012,20.7,C,Big 12,77,243,21,22.8,3.8,3.7,0.7,1.3,4.4,0.427,0.307,0.877,26.1,2.7,1
P0686,Player_P0686,2019,19.3,C,Pac-12,77,207,23,9.8,7.0,1.4,1.6,0.7,4.3,0.527,0.287,0.766,13.9,0.0,0
P0687,Player_P0687,2015,20.8,PG,ACC,79,237,25,20.0,4.5,0.4,0.3,0.6,1.8,0.451,0.199,0.665,14.0,6.0,0
P0688,Player_P0688,2018,19.4,SF,Big Ten,76,190,31,14.8,3.1,2.7,2.4,0.3,2.9,0.437,0.361,0.879,14.0,0.0,0
P0689,Player_P0689,2020,20.7,SG,SEC,78,213,34,7.7,8.1,3.8,1.6,0.0,2.2,0.475,0.269,0.875,16.6,2.9,1
P0690,Player_P0690,2018,18.5,PG,Other,77,179,29,14.2,6.1,1.8,2.0,0.9,4.2,0.527,0.384,0.595,15.7,3.1,0
P0691,Player_P0691,2023,18.3,PF,Other,77,238,36,9.8,5.7,1.1,0.9,0.8,1.5,0.501,0.408,0.673,14.5,2.0,0
P0692,Player_P0692,2018,19.9,PG,SEC,73,203,23,15.1,5.0,4.1,1.9,0.9,3.2,0.448,0.266,0.779,18.0,6.7,0
P0693,Player_P0693,2015,21.4,PG,Other,77,206,28,18.0,2.8,1.7,0.6,1.1,2.6,0.329,0.269,0.648,25.2,5.3,0
P0694,Player_P0694,2023,20.5,C,Big East,76,232,32,12.7,6.6,3.1,1.0,1.1,2.4,0.489,0.308,0.747,16.4,3.7,0
P0695,Player_P0695,2017,20.5,SG,Big East,74,218,21,21.0,6.7,0.1,1.5,0.2,2.2,0.354,0.388,0.771,14.7,0.0,0
P0696,Player_P0696,2019,20.9,C,ACC,81,204,38,28.5,4.5,5.1,2.3,2.4,0.9,0.444,0.329,0.897,28.3,4.0,1
P0697,Player_P0697,2014,19.6,SF,SEC,80,222,39,9.7,6.5,5.4,1.4,1.1,1.1,0.526,0.33,0.728,36.5,8.1,1
P0698,Player_P0698,2022,20.6,SF,SEC,75,215,34,13.3,9.7,1.9,0.7,0.4,3.1,0.355,0.395,0.751,21.9,2.4,0
P0699,Player_P0699,2023,19.4,SF,Big East,81,236,34,12.8,7.1,3.3,0.8,1.7,3.8,0.466,0.153,0.884,29.5,3.6,1
P0700,Player_P0700,2023,19.7,SG,SEC,74,163,24,5.7,8.7,3.9,1.7,0.9,3.2,0.569,0.38,0.672,13.0,7.7,0
P0701,Player_P0701,2015,19.8,SG,Other,76,204,23,11.5,3.7,2.3,0.6,1.3,2.4,0.421,0.404,0.734,6.8,2.4,0
P0702,Player_P0702,2022,19.5,PF,Other,78,175,24,13.1,8.3,7.3,1.3,0.1,3.2,0.486,0.138,0.694,20.8,0.0,0
P0703,Player_P0703,2019,19.9,PF,SEC,78,237,22,9.9,8.6,1.1,0.9,1.5,2.8,0.581,0.443,0.786,16.4,6.7,0
P0704,Player_P0704,2011,19.7,PG,Big East,78,209,31,13.7,4.8,4.2,1.1,0.7,0.0,0.492,0.353,0.767,7.0,4.8,0
P0705,Player_P0705,2022,19.3,SG,SEC,81,210,39,26.1,12.5,4.7,0.8,1.1,3.0,0.494,0.429,0.852,25.5,8.5,1
P0706,Player_P0706,2017,19.9,C,Pac-12,83,221,33,20.7,9.7,2.1,1.1,1.0,2.3,0.528,0.487,0.759,15.6,7.3,1
P0707,Player_P0707,2017,20.2,SF,SEC,73,167,37,15.3,3.3,0.5,0.8,0.1,3.2,0.469,0.207,0.683,14.9,7.3,0
P0708,Player_P0708,2015,18.9,SG,Other,74,183,39,12.8,4.6,2.9,1.1,0.0,2.6,0.526,0.455,0.761,8.4,0.8,0
P0709,Player_P0709,2021,20.4,SG,Other,77,213,33,17.7,3.6,3.6,1.0,1.9,2.1,0.403,0.27,0.889,20.2,6.0,1
P0710,Player_P0710,2011,19.5,PG,Big East,72,250,22,21.0,7.8,2.0,1.9,1.9,1.7,0.274,0.308,0.933,18.5,5.1,0
P0711,Player_P0711,2015,20.2,C,Big 12,79,220,38,11.3,2.9,4.1,1.6,0.0,1.1,0.389,0.367,0.69,15.8,2.3,0
P0712,Player_P0712,2017,19.3,SG,SEC,78,203,30,11.6,5.2,1.6,1.2,0.1,1.6,0.436,0.384,0.707,13.9,2.6,0
P0713,Player_P0713,2012,21.1,SG,Other,79,196,30,10.3,6.0,3.0,0.5,1.2,0.2,0.379,0.405,0.662,29.1,0.2,0
P0714,Player_P0714,2012,21.0,PG,Other,76,186,39,9.6,4.2,3.7,0.5,0.7,1.4,0.218,0.346,0.627,10.0,4.5,0
P0715,Player_P0715,2018,19.0,C,Other,80,194,33,26.6,8.2,5.1,0.9,0.8,2.8,0.383,0.419,0.967,24.3,7.2,1
P0716,Player_P0716,2018,20.5,SG,Big East,71,201,22,18.9,6.1,1.4,0.4,0.6,0.6,0.44,0.379,0.78,19.5,2.6,0
P0717,Player_P0717,2021,21.4,PF,Big East,79,247,35,14.2,5.3,2.6,1.1,0.4,2.1,0.408,0.381,0.786,10.9,0.0,0
P0718,Player_P0718,2021,19.1,PF,ACC,77,233,39,11.5,8.5,3.4,1.2,0.6,2.5,0.38,0.203,0.747,10.6,6.0,0
P0719,Player_P0719,2010,19.1,SG,Big East,78,170,24,15.1,4.6,4.6,0.8,0.0,2.0,0.442,0.429,0.693,21.7,3.6,0
P0720,Player_P0720,2015,20.7,SF,Big 12,78,199,29,12.6,11.6,1.3,2.1,1.5,3.2,0.482,0.465,0.791,20.0,6.8,1
P0721,Player_P0721,2021,18.7,PG,Other,85,239,22,18.2,7.6,2.8,0.3,0.5,0.8,0.448,0.355,0.855,14.5,5.8,1
P0722,Player_P0722,2023,19.2,PF,ACC,80,217,34,22.2,3.0,3.3,0.6,0.6,2.4,0.494,0.383,0.67,21.9,4.2,1
P0723,Player_P0723,2011,19.0,PF,Other,74,204,22,9.8,8.1,3.0,0.6,1.5,1.2,0.443,0.379,0.603,12.5,1.2,0
P0724,Player_P0724,2020,20.7,SG,SEC,78,265,28,13.3,9.4,2.1,1.8,1.0,1.9,0.388,0.366,0.842,14.7,3.1,0
P0725,Player_P0725,2013,19.3,PG,ACC,74,214,33,23.0,6.7,1.7,2.4,0.8,2.3,0.438,0.375,0.803,16.6,6.6,1
P0726,Player_P0726,2021,19.7,SG,Pac-12,72,210,36,15.0,3.3,2.4,0.7,0.3,2.7,0.427,0.362,0.546,20.2,3.9,0
P0727,Player_P0727,2016,19.3,PF,Pac-12,73,217,26,8.9,6.9,3.3,1.1,1.5,1.4,0.507,0.324,0.746,18.1,3.0,0
P0728,Player_P0728,2011,21.1,SF,Big East,74,205,38,15.6,3.9,1.7,1.4,1.7,2.4,0.391,0.38,0.745,11.4,3.0,0
P0729,Player_P0729,2012,19.1,PG,Big East,75,207,20,7.5,4.8,1.3,0.8,1.5,2.9,0.476,0.483,0.739,19.9,0.0,0
P0730,Player_P0730,2023,18.6,SF,SEC,81,257,23,16.8,7.5,3.5,0.7,1.1,5.0,0.323,0.304,0.669,25.6,5.7,1
P0731,Player_P0731,2020,18.6,PF,ACC,81,235,22,17.1,8.5,2.9,2.3,1.0,1.8,0.495,0.431,0.609,22.9,6.8,1
P0732,Player_P0732,2010,20.7,PG,Other,74,215,34,6.6,0.6,1.6,1.7,0.7,0.0,0.463,0.301,0.757,10.3,1.7,0
P0733,Player_P0733,2023,20.8,SF,Other,76,227,27,11.4,8.4,2.9,1.0,1.8,2.6,0.46,0.399,0.922,23.7,12.2,1
P0734,Player_P0734,2021,21.2,C,Big East,72,216,20,7.2,5.5,4.3,1.0,1.6,3.1,0.484,0.304,0.654,25.6,5.1,0
P0735,Player_P0735,2017,18.7,SG,ACC,80,241,35,15.7,9.8,2.4,2.8,1.6,2.0,0.459,0.353,0.969,21.5,3.8,1
P0736,Player_P0736,2010,19.8,PG,Big East,73,198,25,17.3,5.4,4.3,1.4,1.7,2.9,0.51,0.266,0.779,10.8,2.5,1
P0737,Player_P0737,2016,22.4,C,Big Ten,78,221,33,22.2,7.4,4.8,1.8,1.2,2.6,0.523,0.35,0.604,27.7,3.2,1
P0738,Player_P0738,2012,19.7,PG,Other,75,182,31,11.1,9.6,1.6,0.5,0.9,2.3,0.472,0.362,0.815,13.6,2.6,0
P0739,Player_P0739,2015,19.4,PG,ACC,78,174,22,14.3,4.4,3.4,1.6,1.6,1.9,0.431,0.429,0.849,21.8,0.0,1
P0740,Player_P0740,2014,20.0,SG,ACC,77,221,32,18.7,7.1,2.2,0.6,1.5,3.5,0.478,0.393,0.792,12.1,3.8,1
P0741,Player_P0741,2019,20.5,PF,Big Ten,74,210,37,16.2,6.1,1.9,0.1,0.1,1.5,0.455,0.364,0.665,19.3,6.1,0
P0742,Player_P0742,2020,20.5,PF,Big East,79,195,27,15.7,3.1,1.9,0.5,1.5,1.6,0.402,0.396,0.69,13.7,1.7,0
P0743,Player_P0743,2012,19.4,SG,Pac-12,75,186,36,14.7,4.7,1.0,0.8,0.0,1.4,0.349,0.334,0.743,15.3,2.8,0
P0744,Player_P0744,2022,19.4,PG,Big East,81,257,25,17.0,5.0,0.0,0.4,0.8,3.8,0.39,0.421,0.781,21.3,1.4,1
P0745,Player_P0745,2019,19.7,C,Big 12,77,172,25,9.4,4.3,2.6,0.9,0.0,2.4,0.517,0.364,0.778,19.2,2.9,0
P0746,Player_P0746,2019,19.3,PG,Other,78,210,23,9.8,6.1,2.3,2.3,1.6,4.1,0.444,0.323,0.746,19.6,6.8,1
P0747,Player_P0747,2020,18.8,C,Big 12,77,176,24,18.4,3.1,0.4,1.7,1.3,2.9,0.497,0.392,0.705,17.8,3.4,0
P0748,Player_P0748,2020,21.8,SF,ACC,80,233,24,14.1,7.2,6.0,1.4,0.4,0.5,0.448,0.339,0.796,23.3,0.0,1
P0749,Player_P0749,2021,19.6,PG,Big East,79,197,32,8.5,0.0,3.6,0.0,0.0,3.0,0.476,0.317,0.845,15.5,0.0,0
P0750,Player_P0750,2014,19.6,SG,SEC,74,178,22,12.2,4.4,4.0,0.5,1.0,2.3,0.446,0.255,0.692,13.0,0.0,0
P0751,Player_P0751,2019,19.7,SG,SEC,81,216,30,14.9,7.0,1.7,0.4,1.3,2.1,0.481,0.269,0.889,19.7,5.4,1
P0752,Player_P0752,2023,19.9,PG,Big 12,82,221,25,24.1,6.6,1.0,1.1,0.6,1.0,0.496,0.383,0.672,20.8,6.0,1
P0753,Player_P0753,2020,20.4,SF,Big East,83,226,22,23.0,8.5,3.3,0.9,0.4,4.1,0.427,0.253,0.617,24.9,7.2,1
P0754,Player_P0754,2015,19.5,PF,ACC,73,196,36,9.9,8.5,2.0,1.1,0.7,2.7,0.524,0.279,0.633,11.9,1.3,0
P0755,Player_P0755,2018,21.1,SF,SEC,76,213,30,21.8,3.8,4.0,1.0,0.3,4.1,0.496,0.33,0.695,29.3,7.1,1
P0756,Player_P0756,2022,20.6,PF,Big 12,77,191,25,4.6,10.7,0.2,1.6,2.2,1.3,0.375,0.321,0.525,15.0,0.0,0
P0757,Player_P0757,2019,19.8,C,Big East,72,189,32,4.2,1.9,5.1,1.6,0.6,1.2,0.443,0.43,0.684,22.0,2.7,0
P0758,Player_P0758,2020,19.3,PG,Big Ten,80,229,38,10.1,8.7,5.2,0.8,0.5,2.3,0.416,0.454,0.816,32.0,0.0,0
P0759,Player_P0759,2022,21.1,PF,Big Ten,83,223,25,11.6,5.9,1.1,0.9,0.4,2.4,0.431,0.4,0.706,5.0,2.6,0
P0760,Player_P0760,2015,19.8,SG,Big 12,79,217,24,7.6,4.2,1.4,0.8,1.8,1.7,0.408,0.346,0.711,17.5,0.4,0
P0761,Player_P0761,2014,18.8,PG,SEC,79,247,33,25.4,3.9,6.5,1.6,0.2,1.2,0.487,0.415,0.838,19.9,5.8,1
P0762,Player_P0762,2014,21.0,SG,Big Ten,76,165,29,11.7,5.4,4.3,1.9,0.9,3.3,0.439,0.347,0.63,15.1,4.1,0
P0763,Player_P0763,2015,19.3,SG,Pac-12,71,232,33,14.9,6.0,0.6,1.4,0.6,3.0,0.453,0.296,0.722,18.7,1.6,0
P0764,Player_P0764,2019,20.9,C,Big 12,70,213,23,11.1,3.2,0.0,0.8,0.0,0.0,0.453,0.283,0.8,16.7,5.7,0
P0765,Player_P0765,2016,18.0,SG,Big 12,77,225,38,8.1,4.9,5.8,1.8,0.2,3.3,0.378,0.281,0.748,14.2,0.6,0
P0766,Player_P0766,2023,19.6,PF,SEC,74,213,20,12.6,3.6,3.0,0.6,0.9,1.8,0.447,0.33,0.808,16.1,2.9,0
P0767,Player_P0767,2019,21.2,C,Big 12,79,223,25,17.8,8.4,3.5,1.4,1.0,2.6,0.439,0.244,0.59,30.2,3.2,1
P0768,Player_P0768,2019,20.0,SG,Big East,76,199,32,14.7,3.5,2.2,1.6,0.9,3.1,0.528,0.231,0.78,18.3,4.9,0
P0769,Player_P0769,2023,20.6,PG,Pac-12,78,212,30,7.3,2.6,3.2,0.2,1.7,3.7,0.371,0.299,0.656,16.9,4.6,0
P0770,Player_P0770,2022,19.1,C,Big East,72,199,26,16.6,4.4,0.2,0.9,0.8,3.0,0.349,0.345,0.689,13.1,6.3,0
P0771,Player_P0771,2010,20.3,SF,SEC,75,222,39,10.3,6.6,1.2,1.1,0.0,2.2,0.444,0.375,0.894,30.1,3.2,0
P0772,Player_P0772,2023,20.0,SF,Big 12,81,173,26,17.3,5.8,2.7,1.2,0.2,0.6,0.507,0.328,0.748,17.8,0.0,0
P0773,Player_P0773,2022,20.2,PF,Big Ten,73,194,33,6.4,10.4,0.0,1.5,0.5,0.0,0.462,0.347,0.736,19.8,1.9,0
P0774,Player_P0774,2014,22.0,SG,Big 12,79,246,28,8.6,0.0,2.0,1.3,0.5,2.9,0.481,0.243,0.643,13.5,6.9,0
P0775,Player_P0775,2013,21.3,SF,Other,76,240,28,17.2,6.6,3.9,1.2,0.7,2.2,0.426,0.273,0.783,28.2,7.9,1
P0776,Player_P0776,2017,20.8,C,ACC,78,200,35,17.9,5.5,2.0,0.5,0.9,1.2,0.406,0.326,0.784,16.9,0.0,0
P0777,Player_P0777,2023,20.8,PG,Big Ten,79,219,27,17.1,5.9,3.8,2.0,0.7,3.4,0.408,0.376,0.77,21.8,0.4,1
P0778,Player_P0778,2018,19.1,PF,Pac-12,79,220,27,11.4,7.6,5.3,1.6,1.0,2.9,0.456,0.47,0.927,24.4,7.1,1
P0779,Player_P0779,2018,19.5,SG,SEC,79,190,35,21.2,5.1,0.0,1.9,0.0,1.4,0.31,0.271,0.694,12.3,1.2,0
P0780,Player_P0780,2013,18.5,SF,Other,73,201,21,10.6,5.9,2.7,0.2,1.4,3.1,0.52,0.313,0.827,13.0,2.4,0
P0781,Player_P0781,2022,18.7,C,ACC,79,222,28,17.5,3.6,2.0,0.8,1.5,2.2,0.533,0.436,0.78,10.7,0.9,0
P0782,Player_P0782,2021,19.1,PF,Other,73,191,25,7.3,7.0,0.4,0.2,0.8,1.8,0.448,0.368,0.768,16.2,4.3,0
P0783,Player_P0783,2010,20.0,SF,Big East,77,221,29,14.1,0.8,2.6,0.6,0.6,4.7,0.349,0.319,0.76,23.0,3.1,0
P0784,Player_P0784,2013,18.8,C,Big East,77,221,31,0.3,7.4,2.1,1.0,1.1,0.6,0.463,0.258,0.614,16.7,0.1,0
P0785,Player_P0785,2022,20.0,PF,Big 12,77,226,28,6.4,5.4,1.8,0.7,0.6,2.5,0.552,0.28,0.745,10.1,3.0,0
P0786,Player_P0786,2019,19.8,PG,Big 12,77,208,39,14.3,4.3,0.0,1.7,0.0,1.0,0.469,0.33,0.816,10.8,1.2,0
P0787,Player_P0787,2015,18.9,PG,ACC,73,270,38,5.4,4.9,3.5,1.1,1.0,1.8,0.511,0.349,0.697,14.1,6.7,0
P0788,Player_P0788,2017,21.5,SG,Big East,72,226,22,14.1,5.1,0.7,0.7,1.2,2.1,0.411,0.37,0.808,8.9,5.2,0
P0789,Player_P0789,2011,18.7,PF,Big Ten,79,211,32,16.5,8.7,2.6,0.9,1.6,2.8,0.388,0.357,0.769,17.5,2.7,0
P0790,Player_P0790,2021,21.1,SF,Big Ten,77,187,26,9.5,13.6,1.3,1.7,0.3,1.7,0.436,0.304,0.794,22.8,3.2,0
P0791,Player_P0791,2018,18.0,PG,Big Ten,79,203,34,7.2,8.5,1.9,1.5,0.8,1.6,0.324,0.294,0.725,13.1,5.5,0
P0792,Player_P0792,2017,19.9,C,Other,76,234,29,9.6,4.1,4.2,0.3,0.8,1.7,0.576,0.473,0.8,16.4,2.6,0
P0793,Player_P0793,2018,18.8,PG,Big Ten,72,239,39,7.2,7.1,3.3,0.6,0.8,0.9,0.448,0.291,0.588,13.9,4.9,0
P0794,Player_P0794,2018,19.3,PG,Big 12,79,235,38,11.5,7.2,4.2,1.3,0.8,2.6,0.492,0.24,0.723,12.9,6.7,0
P0795,Player_P0795,2016,21.8,SG,Big East,75,221,21,12.5,3.2,3.0,1.2,0.7,2.3,0.412,0.215,0.784,16.9,1.8,0
P0796,Player_P0796,2012,19.7,PG,Other,77,180,22,10.5,2.3,3.1,0.4,0.8,2.4,0.347,0.305,0.747,12.7,7.1,0
P0797,Player_P0797,2016,18.9,SF,Big East,80,180,20,12.2,8.4,3.3,1.2,2.0,4.0,0.515,0.347,0.864,18.8,4.7,1
P0798,Player_P0798,2021,20.5,SF,SEC,80,237,35,18.1,5.1,6.5,1.7,0.9,2.3,0.469,0.5,0.76,19.3,8.2,1
P0799,Player_P0799,2010,19.6,C,ACC,73,175,24,19.0,1.5,2.2,1.8,0.2,3.2,0.461,0.433,0.671,16.3,1.9,0
P0800,Player_P0800,2015,20.2,PG,Big Ten,75,210,34,6.8,3.7,4.3,1.3,0.6,3.0,0.467,0.329,0.572,21.3,3.6,0
P0801,Player_P0801,2021,19.1,SG,Big Ten,72,221,26,15.2,3.1,1.4,1.8,1.1,2.5,0.492,0.387,0.867,19.2,8.8,1
P0802,Player_P0802,2018,19.1,PF,Big 12,73,223,26,17.9,5.6,2.9,0.7,0.4,2.4,0.393,0.277,0.767,23.5,1.0,0
P0803,Player_P0803,2010,19.2,PF,Big 12,77,215,32,17.7,9.0,2.8,0.7,0.0,3.4,0.431,0.278,0.788,12.6,4.3,0
P0804,Player_P0804,2021,20.8,SG,SEC,78,232,35,14.8,7.3,1.4,1.4,1.4,3.6,0.533,0.392,0.833,21.2,2.9,1
P0805,Player_P0805,2010,19.8,C,Big 12,75,185,31,14.8,11.4,2.3,0.9,1.0,1.8,0.489,0.364,0.826,10.5,2.2,0
P0806,Player_P0806,2016,19.0,C,Big East,77,203,31,14.1,1.7,3.7,0.3,0.6,3.2,0.474,0.317,0.632,19.5,2.2,0
P0807,Player_P0807,2011,20.2,PF,ACC,68,175,34,9.3,0.4,0.0,0.2,0.7,2.8,0.439,0.35,0.709,24.2,0.0,0
P0808,Player_P0808,2013,20.1,PF,Other,76,165,23,15.1,5.4,0.1,1.3,1.0,1.7,0.406,0.371,0.669,18.5,4.6,0
P0809,Player_P0809,2015,20.6,SF,Other,73,238,31,17.6,6.1,2.6,2.1,1.6,0.8,0.436,0.512,0.672,22.7,7.2,1
P0810,Player_P0810,2013,19.5,SF,Big 12,74,190,25,14.4,5.4,3.7,1.1,0.4,1.8,0.362,0.306,0.728,13.0,6.2,0
P0811,Player_P0811,2022,19.9,SF,Big 12,79,222,23,14.8,5.3,3.5,1.2,0.0,1.3,0.347,0.294,0.781,15.3,2.4,0
P0812,Player_P0812,2017,20.4,C,Other,75,227,26,15.4,5.0,3.8,0.6,0.6,3.7,0.435,0.297,0.886,11.4,2.0,0
P0813,Player_P0813,2015,19.0,PG,Other,75,193,23,4.7,3.4,1.5,1.1,1.8,2.8,0.425,0.358,0.756,16.2,0.7,0
P0814,Player_P0814,2014,20.9,PG,Big 12,82,252,26,33.5,8.5,5.2,2.3,0.0,2.6,0.474,0.403,0.732,20.9,10.9,1
P0815,Player_P0815,2016,20.0,SF,ACC,79,223,20,17.4,9.8,3.1,1.0,2.9,3.5,0.446,0.294,0.748,23.8,2.6,1
P0816,Player_P0816,2014,18.9,SF,Other,73,168,34,9.1,8.3,4.7,0.8,1.4,1.2,0.442,0.313,0.895,13.6,4.9,0
P0817,Player_P0817,2021,18.9,PG,Pac-12,79,207,26,22.8,5.0,5.0,0.7,0.0,1.4,0.47,0.255,0.779,13.5,3.2,0
P0818,Player_P0818,2013,19.9,PF,Pac-12,85,210,33,26.2,6.2,2.4,0.9,1.4,2.1,0.423,0.318,0.77,30.5,7.6,1
P0819,Player_P0819,2019,19.4,PG,Big Ten,74,196,34,8.3,1.3,3.0,1.6,1.1,3.1,0.566,0.386,0.577,15.2,4.1,0
P0820,Player_P0820,2016,20.8,SG,Other,75,245,36,17.8,5.1,4.5,1.5,0.5,1.0,0.455,0.178,0.755,10.2,0.5,0
P0821,Player_P0821,2013,19.7,SF,SEC,81,174,21,7.3,2.3,2.1,0.7,0.3,4.3,0.399,0.276,0.696,6.5,0.3,0
P0822,Player_P0822,2016,20.3,PG,SEC,78,213,30,9.8,2.1,1.9,0.1,0.3,1.1,0.452,0.355,0.659,13.0,4.3,0
P0823,Player_P0823,2011,19.2,PF,Big East,82,231,28,21.1,6.1,2.6,1.5,0.7,2.2,0.532,0.288,0.876,27.8,5.8,1
P0824,Player_P0824,2017,20.0,SF,Big 12,80,223,27,12.2,1.1,1.0,1.3,0.5,3.7,0.438,0.385,0.73,11.8,4.5,0
P0825,Player_P0825,2020,21.3,SF,Big 12,74,211,36,4.2,9.0,2.2,0.9,0.4,3.3,0.506,0.403,0.664,13.9,5.2,0
P0826,Player_P0826,2018,19.9,SF,Pac-12,79,213,21,14.7,5.9,0.8,1.4,0.5,1.8,0.476,0.319,0.737,15.3,5.3,0
P0827,Player_P0827,2010,19.4,PF,Pac-12,72,186,26,10.0,5.4,4.0,1.1,1.4,2.4,0.458,0.276,0.704,12.7,0.8,0
P0828,Player_P0828,2018,19.1,PF,Other,79,190,35,19.7,2.9,3.3,1.6,0.0,2.4,0.479,0.168,0.783,27.0,5.3,0
P0829,Player_P0829,2010,20.0,PF,SEC,82,212,27,18.4,5.4,3.0,1.3,0.5,2.4,0.441,0.277,0.747,33.0,5.0,1
P0830,Player_P0830,2015,21.4,SG,Big 12,74,223,21,13.7,8.2,2.9,2.6,1.2,1.5,0.459,0.34,0.846,22.4,8.2,1
P0831,Player_P0831,2018,18.6,PF,Big Ten,75,215,23,20.9,3.8,5.4,0.0,0.6,0.0,0.467,0.456,0.808,15.2,2.6,0
P0832,Player_P0832,2022,20.0,PG,SEC,77,187,26,7.7,6.0,0.1,0.3,0.5,1.2,0.421,0.316,0.77,12.7,4.2,0
P0833,Player_P0833,2023,18.3,PG,ACC,75,212,24,11.0,1.3,0.7,0.8,0.6,3.8,0.301,0.254,0.719,18.9,1.3,0
P0834,Player_P0834,2017,19.6,C,SEC,78,254,33,13.9,1.4,1.6,1.6,0.8,3.9,0.499,0.389,0.532,13.7,3.8,0
P0835,Player_P0835,2012,20.3,PG,Big 12,74,207,23,7.7,2.7,4.5,2.1,0.4,1.7,0.471,0.321,0.766,12.0,6.6,0
P0836,Player_P0836,2021,18.4,PG,Big 12,78,234,35,13.4,6.4,2.8,0.9,1.0,1.0,0.449,0.363,0.638,24.9,5.4,0
P0837,Player_P0837,2014,19.6,SG,Big Ten,87,210,26,11.7,6.8,2.9,1.1,0.9,2.0,0.46,0.341,0.817,21.8,5.6,1
P0838,Player_P0838,2017,20.3,C,SEC,76,204,21,10.8,8.1,1.3,0.0,0.5,2.4,0.498,0.337,0.753,14.8,3.6,0
P0839,Player_P0839,2012,20.1,C,ACC,75,217,20,12.2,3.2,0.4,1.5,0.0,2.6,0.425,0.402,0.84,17.0,1.7,0
P0840,Player_P0840,2015,20.3,PF,Pac-12,76,213,32,12.4,6.9,4.2,0.7,1.4,0.0,0.438,0.405,0.886,23.0,1.7,0
P0841,Player_P0841,2016,19.0,PG,Big Ten,78,206,34,25.9,9.8,4.5,1.6,0.7,2.5,0.495,0.27,0.806,28.0,6.1,1
P0842,Player_P0842,2020,20.3,PF,Other,82,189,22,9.0,3.1,4.5,0.6,1.1,3.1,0.467,0.265,0.602,29.3,3.6,0
P0843,Player_P0843,2022,19.4,C,SEC,79,225,26,9.2,6.5,3.1,2.3,1.0,1.8,0.371,0.155,0.749,19.8,4.7,0
P0844,Player_P0844,2012,20.7,SG,Big East,79,229,35,11.4,5.3,0.0,1.4,1.0,1.3,0.474,0.306,0.742,5.0,2.8,0
P0845,Player_P0845,2017,18.0,SG,Other,85,235,37,11.8,3.9,0.6,0.4,0.7,3.0,0.397,0.253,0.612,8.7,0.8,0
P0846,Player_P0846,2023,19.7,C,Other,78,241,34,9.8,5.6,3.2,1.1,0.9,2.5,0.399,0.359,0.719,17.2,3.2,0
P0847,Player_P0847,2010,20.1,PG,Other,77,208,32,13.6,5.2,1.9,1.5,0.1,2.1,0.493,0.306,0.774,10.3,6.4,0
P0848,Player_P0848,2018,21.3,C,Big Ten,78,199,34,2.9,5.1,1.7,0.9,0.0,2.5,0.38,0.314,0.609,18.7,5.2,0
P0849,Player_P0849,2020,20.1,SF,Big 12,73,232,25,8.3,4.5,0.8,1.5,0.6,1.9,0.493,0.387,0.63,13.7,2.9,0
P0850,Player_P0850,2011,20.2,PF,Big East,80,167,21,10.8,7.0,4.2,1.6,1.2,3.5,0.524,0.519,0.731,13.1,11.4,1
P0851,Player_P0851,2019,20.4,SG,SEC,74,185,31,7.7,5.7,3.2,1.4,1.6,2.7,0.341,0.322,0.701,11.2,9.7,0
P0852,Player_P0852,2015,21.3,PF,Pac-12,78,184,31,20.1,3.5,3.3,1.0,0.9,2.3,0.522,0.448,0.782,20.3,1.8,0
P0853,Player_P0853,2018,19.6,C,Pac-12,83,216,36,18.4,9.3,3.1,2.2,1.4,1.4,0.602,0.412,0.643,21.9,6.8,1
P0854,Player_P0854,2019,18.6,SF,ACC,76,201,24,12.9,4.9,2.8,1.0,0.5,3.4,0.464,0.301,0.725,21.2,4.7,0
P0855,Player_P0855,2012,18.4,SG,Big Ten,79,204,37,9.6,7.3,0.5,1.1,0.8,0.4,0.5,0.304,0.922,21.4,0.7,0
P0856,Player_P0856,2010,20.7,PG,Pac-12,80,214,29,27.7,8.1,2.2,1.5,2.2,2.9,0.558,0.316,0.683,17.8,2.9,1
P0857,Player_P0857,2014,20.2,C,Pac-12,76,220,28,5.9,4.2,0.0,1.1,0.9,2.0,0.452,0.344,0.661,9.0,3.3,0
P0858,Player_P0858,2013,19.7,C,Other,74,232,39,11.2,4.1,0.1,0.9,0.7,1.3,0.477,0.252,0.781,18.8,3.9,0
P0859,Player_P0859,2014,19.4,PF,Pac-12,79,166,30,7.3,7.1,2.0,0.2,0.0,1.6,0.462,0.393,0.809,13.6,1.6,0
P0860,Player_P0860,2022,20.2,PG,Big Ten,78,275,21,22.9,8.3,4.1,2.2,2.8,4.5,0.472,0.311,0.785,24.3,7.0,1
P0861,Player_P0861,2019,20.2,C,ACC,71,219,25,0.0,7.5,0.0,0.8,0.5,1.9,0.345,0.413,0.883,25.5,0.0,0
P0862,Player_P0862,2014,20.5,SF,Big 12,75,174,31,6.4,0.8,0.6,2.2,1.0,0.2,0.453,0.438,0.749,11.6,6.7,0
P0863,Player_P0863,2018,18.9,SG,Big 12,76,192,24,19.3,2.0,2.8,1.1,0.5,1.6,0.523,0.475,0.542,8.6,5.4,0
P0864,Player_P0864,2012,18.2,SG,Big East,79,217,23,15.5,8.7,5.2,1.9,0.9,2.8,0.366,0.204,0.653,29.9,3.2,1
P0865,Player_P0865,2012,19.1,C,Pac-12,79,205,25,18.6,10.9,2.8,0.9,0.7,2.0,0.376,0.354,0.669,15.7,3.9,0
P0866,Player_P0866,2011,18.6,PF,Other,77,238,30,18.9,9.7,3.6,0.0,1.5,2.6,0.506,0.315,0.845,23.4,0.0,0
P0867,Player_P0867,2015,18.6,SF,SEC,72,236,21,17.4,6.5,5.5,1.7,0.8,1.7,0.513,0.439,0.713,19.9,3.6,1
P0868,Player_P0868,2018,21.6,PF,Big Ten,83,224,30,15.8,7.6,3.0,2.7,0.8,3.5,0.416,0.371,0.948,14.6,7.8,1
P0869,Player_P0869,2017,18.0,C,SEC,80,226,34,23.1,5.1,2.4,1.7,1.2,2.5,0.514,0.321,0.791,23.8,7.5,1
P0870,Player_P0870,2017,20.5,PF,Big Ten,75,216,29,17.7,5.9,1.5,0.4,0.7,1.6,0.383,0.333,0.805,17.0,0.0,0
P0871,Player_P0871,2012,20.9,SG,ACC,76,252,33,25.2,4.0,4.7,1.9,2.0,4.1,0.477,0.512,0.788,24.4,9.4,1
P0872,Player_P0872,2019,21.0,PG,SEC,76,213,32,24.5,3.5,0.1,1.6,0.9,1.7,0.509,0.31,0.713,17.4,3.1,0
P0873,Player_P0873,2017,20.3,PG,Big 12,70,211,29,10.2,5.9,3.8,1.6,1.0,2.7,0.426,0.375,0.845,16.8,3.1,0
P0874,Player_P0874,2023,21.3,SG,ACC,75,239,39,21.9,4.3,2.6,2.0,0.0,2.4,0.468,0.258,0.543,13.9,5.3,0
P0875,Player_P0875,2013,21.8,PF,Big East,76,227,32,11.2,7.7,2.2,2.0,1.9,2.8,0.585,0.342,0.76,20.2,8.2,0
P0876,Player_P0876,2010,19.7,PG,Pac-12,79,198,36,8.8,6.8,2.6,0.7,0.8,1.4,0.482,0.455,0.644,20.0,8.0,1
P0877,Player_P0877,2016,20.4,PG,ACC,75,221,32,20.5,5.7,1.0,0.3,0.0,3.5,0.454,0.408,0.712,20.0,2.6,0
P0878,Player_P0878,2012,21.3,C,Big East,77,223,39,6.9,3.3,4.3,0.0,0.5,2.7,0.613,0.45,0.778,22.9,7.5,0
P0879,Player_P0879,2012,19.1,SF,ACC,73,211,28,9.6,4.5,2.2,1.4,0.0,2.1,0.447,0.304,0.729,12.6,0.0,0
P0880,Player_P0880,2013,19.8,PG,SEC,71,228,23,6.8,6.3,2.9,0.6,0.0,2.6,0.475,0.343,0.649,28.0,0.0,0
P0881,Player_P0881,2019,19.4,C,Pac-12,75,209,23,5.9,2.7,1.2,0.7,2.2,1.3,0.384,0.345,0.647,12.4,0.8,0
P0882,Player_P0882,2015,20.5,C,SEC,78,237,39,13.8,6.9,2.8,0.7,0.9,2.2,0.404,0.271,0.897,24.5,8.1,1
P0883,Player_P0883,2022,18.1,SF,Big East,81,207,35,11.0,5.0,0.4,1.2,0.0,1.4,0.423,0.368,0.663,18.7,3.4,0
P0884,Player_P0884,2011,21.4,PG,Big 12,78,165,26,12.3,3.8,2.6,0.1,0.7,2.7,0.442,0.43,0.583,18.2,0.2,0
P0885,Player_P0885,2023,20.5,PF,Big Ten,72,203,28,14.8,4.3,3.1,0.2,0.2,2.1,0.46,0.167,0.731,16.4,1.2,0
P0886,Player_P0886,2015,20.6,C,SEC,76,222,20,23.9,9.4,2.5,2.0,2.1,1.0,0.5,0.328,0.685,28.0,3.6,1
P0887,Player_P0887,2017,18.0,C,Big 12,77,181,39,18.4,3.6,1.1,1.7,0.2,1.2,0.48,0.364,0.612,17.3,0.0,0
P0888,Player_P0888,2021,19.0,SF,Big Ten,77,234,28,10.3,5.5,2.0,1.0,0.9,0.0,0.39,0.314,0.726,26.3,6.9,0
P0889,Player_P0889,2016,21.5,C,SEC,78,215,27,14.7,4.8,3.3,0.5,0.0,3.4,0.477,0.172,0.789,15.7,2.6,0
P0890,Player_P0890,2012,19.8,C,Big Ten,81,225,24,18.0,3.4,3.7,0.7,1.0,1.8,0.503,0.461,0.728,27.2,9.0,1
P0891,Player_P0891,2013,18.3,PG,SEC,76,194,21,18.9,9.5,2.1,1.6,1.0,1.6,0.416,0.28,0.624,13.2,0.8,0
P0892,Player_P0892,2022,20.2,PF,SEC,77,211,35,11.5,6.5,5.4,0.6,0.6,1.3,0.382,0.447,0.763,18.4,4.2,0
P0893,Player_P0893,2010,20.7,PF,Big East,79,217,24,28.4,9.1,0.9,0.7,1.7,3.6,0.429,0.356,0.737,21.7,6.8,1
P0894,Player_P0894,2022,20.5,PF,Other,80,186,21,15.1,3.8,2.7,1.7,0.9,1.7,0.474,0.336,0.783,19.8,8.1,1
P0895,Player_P0895,2019,19.8,SF,Pac-12,75,205,39,13.0,2.9,0.8,0.1,0.2,1.0,0.449,0.186,0.85,11.8,3.6,0
P0896,Player_P0896,2017,21.1,PF,Other,72,200,30,17.1,1.0,3.2,1.6,1.9,1.3,0.506,0.364,0.88,18.0,6.0,1
P0897,Player_P0897,2014,19.3,SF,SEC,74,166,21,12.7,4.7,3.6,0.9,1.7,1.9,0.445,0.379,0.797,25.7,4.4,0
P0898,Player_P0898,2022,20.5,SG,Big East,74,204,25,10.2,2.4,1.7,0.3,0.4,1.4,0.403,0.315,0.743,16.1,0.3,0
P0899,Player_P0899,2010,20.1,SF,Big East,73,196,31,5.3,6.5,0.7,1.1,0.0,1.7,0.38,0.372,0.616,25.1,4.8,0
P0900,Player_P0900,2019,19.9,C,Other,76,202,24,15.4,4.2,0.0,0.9,0.0,1.2,0.434,0.306,0.746,20.3,2.7,0
P0901,Player_P0901,2012,19.6,C,Big East,76,195,39,9.2,4.6,1.6,2.3,1.3,0.7,0.486,0.405,0.893,27.1,1.1,0
P0902,Player_P0902,2014,19.7,PF,Other,76,222,37,27.2,6.3,2.3,1.6,0.8,3.4,0.399,0.249,0.771,27.9,9.6,1
P0903,Player_P0903,2010,20.0,SG,SEC,77,243,37,9.7,12.9,0.9,1.1,0.6,1.8,0.441,0.215,0.629,16.7,5.3,0
P0904,Player_P0904,2017,19.7,SG,Other,73,199,30,18.2,3.8,2.6,1.1,1.4,2.6,0.513,0.232,0.721,20.2,1.8,0
P0905,Player_P0905,2012,20.7,SG,Big 12,87,171,39,15.4,7.6,1.7,1.6,0.9,4.8,0.485,0.474,0.818,24.0,8.6,1
P0906,Player_P0906,2011,19.5,SG,ACC,83,234,26,16.3,7.0,6.0,1.8,0.4,2.5,0.591,0.282,0.686,27.4,6.9,1
P0907,Player_P0907,2014,21.6,C,Big Ten,76,194,31,9.8,7.4,0.8,1.5,0.3,0.0,0.362,0.242,0.567,22.7,0.0,0
P0908,Player_P0908,2016,19.4,SF,SEC,78,211,34,13.0,5.7,3.3,1.3,1.5,3.1,0.595,0.426,0.901,25.4,7.8,1
P0909,Player_P0909,2023,20.9,SG,ACC,77,205,30,18.7,3.8,1.7,1.8,0.5,2.6,0.364,0.345,0.735,15.8,5.0,0
P0910,Player_P0910,2021,21.0,C,Big Ten,76,241,37,15.2,8.7,0.7,0.0,0.6,0.7,0.561,0.25,0.555,17.0,1.6,0
P0911,Player_P0911,2015,20.2,SG,Big 12,75,220,22,15.4,7.4,1.5,0.5,1.2,2.4,0.466,0.308,0.755,19.8,6.6,0
P0912,Player_P0912,2018,20.1,PF,Pac-12,71,211,28,15.0,5.0,1.1,1.9,1.1,0.6,0.434,0.327,0.818,19.6,2.5,0
P0913,Player_P0913,2020,19.3,PF,Big Ten,72,204,36,5.1,4.8,0.5,1.5,0.6,2.0,0.543,0.324,0.7,19.8,2.5,0
P0914,Player_P0914,2015,19.5,SG,SEC,74,193,23,7.6,6.0,4.1,1.3,0.4,3.6,0.362,0.409,0.725,17.7,2.3,0
P0915,Player_P0915,2020,20.2,C,Pac-12,78,233,27,14.7,6.6,6.8,0.9,1.5,2.3,0.442,0.472,0.765,22.9,2.5,1
P0916,Player_P0916,2019,20.0,PF,Big East,74,223,39,8.4,6.5,0.0,0.0,1.1,0.1,0.56,0.296,0.76,12.7,0.6,0
P0917,Player_P0917,2019,21.2,C,Pac-12,78,205,32,6.7,3.8,1.6,1.5,0.5,2.8,0.431,0.251,0.57,18.3,2.7,0
P0918,Player_P0918,2023,19.5,PG,Big Ten,75,199,27,2.6,5.1,3.9,1.6,0.3,3.8,0.587,0.357,0.639,20.2,1.6,0
P0919,Player_P0919,2015,19.6,SG,Other,73,200,27,5.3,10.5,1.4,0.6,1.3,4.8,0.487,0.444,0.684,19.5,1.6,0
P0920,Player_P0920,2010,18.3,SG,Other,75,225,24,10.7,6.1,4.7,2.6,0.8,2.5,0.518,0.302,0.643,12.6,3.1,0
P0921,Player_P0921,2017,20.6,PF,Big 12,77,230,34,11.7,7.7,1.2,1.1,0.6,0.6,0.52,0.39,0.852,15.2,2.7,0
P0922,Player_P0922,2014,20.6,C,ACC,77,192,22,8.0,6.8,3.3,0.0,0.8,2.4,0.44,0.271,0.777,10.1,5.6,0
P0923,Player_P0923,2010,21.0,PG,SEC,82,192,24,12.4,6.2,4.1,1.2,0.9,3.6,0.411,0.331,0.62,9.0,3.0,0
P0924,Player_P0924,2012,21.0,PG,Other,74,213,22,9.8,5.8,3.2,0.6,0.7,1.8,0.433,0.249,0.701,16.4,4.4,0
P0925,Player_P0925,2017,20.8,PF,Other,76,236,35,17.5,7.7,0.4,1.7,1.4,3.0,0.381,0.331,0.822,22.8,3.4,0
P0926,Player_P0926,2023,20.8,SG,Other,77,228,38,11.2,7.3,1.1,1.3,1.5,1.2,0.436,0.322,0.662,16.5,6.5,0
P0927,Player_P0927,2014,20.6,PF,Other,74,209,21,25.4,7.5,1.0,2.2,1.9,2.9,0.402,0.276,0.959,23.4,4.6,1
P0928,Player_P0928,2017,20.8,PG,Big East,81,227,38,10.5,10.9,3.6,1.7,0.7,3.2,0.445,0.218,0.714,16.8,6.9,1
P0929,Player_P0929,2012,18.2,SF,Big Ten,71,186,38,5.0,6.5,4.0,1.6,0.7,1.0,0.476,0.303,0.829,16.2,4.9,0
P0930,Player_P0930,2011,18.9,PG,ACC,74,200,30,11.5,5.3,1.9,0.5,1.1,2.0,0.582,0.19,0.736,11.0,2.2,0
P0931,Player_P0931,2020,18.7,C,Big Ten,73,237,20,5.8,4.7,2.7,0.9,1.3,1.6,0.31,0.316,0.833,14.3,4.2,0
P0932,Player_P0932,2018,21.3,PG,Big Ten,71,177,33,11.5,12.2,0.4,1.3,1.3,0.7,0.367,0.351,0.673,10.1,8.8,0
P0933,Player_P0933,2012,19.2,PG,ACC,74,193,30,19.9,6.4,4.3,1.0,0.5,3.3,0.584,0.458,0.752,18.4,8.2,1
P0934,Player_P0934,2017,19.4,PG,SEC,80,197,36,17.9,4.1,2.4,1.3,1.5,2.2,0.451,0.476,0.834,22.6,4.9,1
P0935,Player_P0935,2018,20.0,SG,Big East,76,192,25,27.6,8.2,4.3,0.4,1.6,1.5,0.569,0.463,0.804,25.6,5.6,1
P0936,Player_P0936,2010,18.8,SF,ACC,78,217,31,12.1,5.8,2.6,0.4,0.4,2.1,0.352,0.34,0.687,12.3,6.3,0
P0937,Player_P0937,2014,20.4,PF,Other,78,216,37,23.8,5.3,4.2,0.6,0.6,3.6,0.541,0.27,0.893,26.6,4.8,1
P0938,Player_P0938,2022,18.0,C,Other,75,229,33,16.5,3.1,1.8,1.1,0.6,1.7,0.368,0.276,0.769,18.0,4.5,0
P0939,Player_P0939,2015,18.8,C,Big Ten,70,170,32,8.2,3.7,1.1,0.0,0.5,3.4,0.356,0.208,0.636,8.3,2.6,0
P0940,Player_P0940,2019,20.2,PG,ACC,75,229,39,12.1,5.5,2.8,0.4,0.0,1.0,0.56,0.353,0.634,16.4,2.4,0
P0941,Player_P0941,2018,18.8,SF,SEC,78,214,29,23.4,5.8,1.1,2.2,2.1,3.3,0.407,0.357,0.705,27.5,4.4,1
P0942,Player_P0942,2010,21.3,C,Other,82,206,23,13.2,9.9,1.9,1.9,1.2,1.0,0.373,0.47,0.777,23.9,0.0,1
P0943,Player_P0943,2023,20.0,PG,Big East,80,201,39,18.1,6.0,3.1,0.5,0.5,1.6,0.533,0.307,0.741,13.7,6.9,1
P0944,Player_P0944,2023,21.1,PF,ACC,77,246,22,11.1,8.6,1.3,1.9,1.4,2.6,0.604,0.416,0.848,18.0,4.1,1
P0945,Player_P0945,2019,20.4,SF,Pac-12,76,213,31,17.1,7.4,2.9,1.6,1.1,3.2,0.465,0.382,0.737,20.9,6.3,1
P0946,Player_P0946,2012,20.0,PG,Other,72,228,35,10.6,1.0,2.4,0.2,0.2,2.6,0.421,0.274,0.609,15.6,3.1,0
P0947,Player_P0947,2021,19.0,PG,Big Ten,78,173,35,2.5,4.9,0.0,0.6,0.0,3.1,0.46,0.358,0.833,24.3,6.2,0
P0948,Player_P0948,2010,20.9,SG,Pac-12,81,206,34,9.1,1.6,0.9,1.2,0.8,0.7,0.525,0.314,0.618,17.4,5.4,0
P0949,Player_P0949,2017,20.4,PG,SEC,77,183,28,0.0,9.3,4.1,1.0,0.3,2.4,0.497,0.289,0.638,15.5,3.1,0
P0950,Player_P0950,2015,22.1,PG,Big Ten,77,181,23,14.8,6.8,4.0,1.4,1.2,1.8,0.465,0.356,0.713,21.5,7.3,1
P0951,Player_P0951,2019,20.8,SF,Other,69,221,20,16.0,2.9,0.0,1.6,0.8,1.8,0.499,0.321,0.889,16.2,1.6,0
P0952,Player_P0952,2011,19.6,PF,Big Ten,70,231,26,7.4,6.5,3.0,0.8,1.2,3.5,0.469,0.395,0.662,17.1,2.8,0
P0953,Player_P0953,2022,20.3,SF,Other,76,194,39,9.6,4.0,1.7,0.0,0.2,0.6,0.403,0.344,0.564,14.8,0.0,0
P0954,Player_P0954,2017,20.4,PF,Big East,75,224,33,16.6,1.7,1.2,0.5,0.1,0.4,0.451,0.313,0.594,13.9,2.0,0
P0955,Player_P0955,2013,21.2,PG,Big Ten,73,232,28,3.2,10.6,0.8,0.9,0.7,2.2,0.474,0.352,0.804,21.0,7.5,0
P0956,Player_P0956,2014,21.3,SG,Big East,83,198,29,12.9,6.2,1.0,0.5,1.9,3.2,0.384,0.293,0.652,21.6,10.9,1
P0957,Player_P0957,2019,19.8,PF,ACC,77,240,26,24.8,9.3,0.9,1.3,1.3,2.0,0.534,0.343,0.695,30.3,7.4,1
P0958,Player_P0958,2012,18.8,PG,Big Ten,79,224,37,8.2,5.0,1.2,1.0,0.1,0.1,0.388,0.348,0.726,13.6,5.2,0
P0959,Player_P0959,2014,18.1,SF,Big Ten,76,200,29,10.5,7.3,2.7,2.5,0.5,0.3,0.56,0.375,0.717,6.5,4.0,0
P0960,Player_P0960,2023,18.9,PG,Other,80,181,36,5.7,6.7,4.9,0.7,1.4,2.1,0.324,0.319,0.747,11.1,5.1,0
P0961,Player_P0961,2022,19.4,SF,Other,76,224,21,13.1,3.4,3.3,1.0,1.9,0.8,0.475,0.343,0.648,15.8,2.3,0
P0962,Player_P0962,2014,21.5,PF,Big Ten,76,181,29,11.3,4.7,1.2,0.2,0.1,2.1,0.462,0.296,0.732,16.5,0.5,0
P0963,Player_P0963,2017,21.5,C,SEC,84,187,32,4.6,7.6,1.8,1.6,1.3,2.8,0.607,0.363,0.737,15.6,8.7,1
P0964,Player_P0964,2015,21.0,PG,Other,73,204,33,13.0,7.4,0.5,1.5,0.9,1.5,0.397,0.354,0.841,20.0,4.4,0
P0965,Player_P0965,2012,21.2,SF,Pac-12,84,219,20,13.0,2.6,2.9,1.5,0.4,3.8,0.51,0.354,0.628,8.3,2.8,0
P0966,Player_P0966,2014,19.3,SF,ACC,77,192,32,4.8,10.5,3.2,1.8,0.2,2.6,0.434,0.31,0.759,17.9,4.0,0
P0967,Player_P0967,2011,18.5,PG,Big 12,77,191,36,14.5,3.6,1.2,0.7,0.8,3.2,0.369,0.403,0.627,19.6,1.7,0
P0968,Player_P0968,2021,19.0,PF,Big 12,77,187,21,12.3,7.3,3.7,1.7,0.8,2.0,0.365,0.244,0.777,22.6,2.3,1
P0969,Player_P0969,2013,18.0,PG,Big 12,82,225,26,11.2,2.6,1.7,2.0,0.0,1.8,0.447,0.206,0.686,18.5,3.0,0
P0970,Player_P0970,2012,18.9,PF,SEC,84,185,28,16.7,10.0,5.3,1.4,1.4,3.6,0.425,0.392,0.795,18.5,4.4,1
P0971,Player_P0971,2018,19.5,SG,Big East,71,175,25,8.4,3.3,0.0,0.0,0.4,1.7,0.548,0.222,0.719,11.0,3.3,0
P0972,Player_P0972,2011,20.2,PG,Pac-12,82,182,28,19.0,7.5,3.5,1.4,1.1,4.7,0.431,0.381,0.742,23.1,8.3,1
P0973,Player_P0973,2023,20.1,PG,Big 12,76,226,37,17.0,5.2,5.0,2.0,2.0,2.4,0.522,0.384,0.742,16.9,4.5,1
P0974,Player_P0974,2022,19.3,SF,Big East,76,225,37,15.8,3.1,4.2,1.5,0.9,3.7,0.543,0.399,0.585,27.1,5.2,0
P0975,Player_P0975,2015,20.6,SG,SEC,72,186,32,7.1,7.2,2.4,1.2,0.5,1.3,0.419,0.397,0.705,9.6,4.3,0
P0976,Player_P0976,2012,19.3,SF,Big East,78,192,37,1.1,3.5,4.4,0.0,1.1,2.2,0.388,0.265,0.887,23.8,0.0,0
P0977,Player_P0977,2011,20.0,C,ACC,74,193,36,17.4,3.3,3.3,1.2,0.6,1.8,0.279,0.273,0.75,12.9,0.6,0
P0978,Player_P0978,2022,18.9,C,Big 12,76,203,21,12.6,4.5,2.3,1.1,1.0,1.5,0.416,0.367,0.801,20.3,1.4,0
P0979,Player_P0979,2016,21.1,PF,Big 12,75,211,27,8.3,8.0,3.7,1.2,0.6,4.2,0.546,0.399,0.638,14.5,1.0,0
P0980,Player_P0980,2018,20.0,SF,Big 12,82,215,36,17.9,6.0,3.7,1.3,1.2,1.6,0.39,0.189,0.702,16.6,1.6,0
P0981,Player_P0981,2011,20.7,PG,Pac-12,82,205,28,7.7,5.3,3.2,1.9,0.0,1.7,0.427,0.35,0.738,19.0,5.3,0
P0982,Player_P0982,2021,18.8,SF,SEC,81,172,32,18.8,10.3,6.1,1.8,1.9,2.7,0.433,0.263,0.754,24.8,2.5,1
P0983,Player_P0983,2017,20.2,PG,Big 12,76,220,28,14.6,2.6,1.0,1.0,0.0,2.0,0.462,0.292,0.756,20.0,1.9,0
P0984,Player_P0984,2010,20.6,PG,SEC,81,195,20,17.5,7.7,1.6,1.9,2.0,1.8,0.458,0.359,0.8,25.5,2.4,1
P0985,Player_P0985,2011,18.0,SG,Big East,79,228,31,11.5,8.8,0.6,2.3,0.0,0.9,0.348,0.541,0.769,16.9,3.8,0
P0986,Player_P0986,2023,21.2,PF,Pac-12,87,193,27,26.6,8.9,4.6,0.7,0.8,2.0,0.471,0.344,0.814,22.0,9.8,1
P0987,Player_P0987,2010,18.8,PF,Big East,75,173,35,13.1,3.3,3.6,1.1,0.0,2.6,0.529,0.243,0.818,14.3,5.9,0
P0988,Player_P0988,2014,20.2,PF,Other,79,204,37,18.2,4.1,1.4,1.3,1.6,3.0,0.484,0.294,0.697,22.3,1.3,0
P0989,Player_P0989,2010,21.8,SG,Big East,74,231,22,17.7,3.4,0.0,1.2,0.1,2.0,0.424,0.335,0.689,19.5,3.1,0
P0990,Player_P0990,2010,21.0,PF,Big Ten,76,208,27,12.0,3.3,1.6,1.0,0.0,2.1,0.542,0.283,0.85,20.4,0.4,0
P0991,Player_P0991,2021,18.5,C,Other,77,200,27,22.0,9.7,3.5,1.0,1.3,2.9,0.467,0.33,0.643,18.6,3.4,1
P0992,Player_P0992,2020,19.8,PF,Big 12,78,188,33,6.5,4.8,1.2,0.6,1.7,1.5,0.496,0.3,0.567,24.4,0.0,0
P0993,Player_P0993,2014,21.2,PF,Pac-12,82,240,27,15.8,10.7,1.3,1.7,0.6,1.1,0.436,0.358,0.642,17.4,0.5,0
P0994,Player_P0994,2012,19.2,C,Other,78,184,31,4.2,8.6,1.0,0.9,0.7,0.4,0.476,0.318,0.755,12.7,3.2,0
P0995,Player_P0995,2013,19.6,PF,Big Ten,80,190,38,10.4,8.8,4.3,0.1,1.5,1.3,0.297,0.268,0.836,20.3,2.2,0
P0996,Player_P0996,2014,19.6,C,Big Ten,73,216,31,13.7,7.2,2.1,0.9,1.2,2.9,0.424,0.283,0.661,20.6,2.3,0
P0997,Player_P0997,2020,20.6,SG,Big Ten,77,168,21,19.3,4.4,1.6,0.7,1.0,1.6,0.484,0.301,0.883,19.1,2.3,0
P0998,Player_P0998,2018,18.5,SG,Other,73,230,29,9.1,7.0,4.6,1.3,0.4,1.7,0.436,0.26,0.722,14.0,7.4,0
P0999,Player_P0999,2016,20.6,PG,Big 12,75,217,37,8.8,4.6,3.4,1.1,1.0,1.6,0.515,0.28,0.71,17.4,0.2,0
P1000,Player_P1000,2010,19.4,PG,Big East,78,223,29,11.7,9.6,1.1,0.4,0.0,3.2,0.513,0.375,0.644,23.0,0.0,0
